discount,price,rating,sold,title
(23% off),"61,900",4.6 out of 5 stars,"(12,946), , ",Apple iPhone 13 (128GB) - Midnight
(23% off),"61,900",4.6 out of 5 stars,"(12,946), , ",Apple iPhone 13 (128GB) - Blue
(11% off),"61,999",4.6 out of 5 stars,"(12,946), , ",Apple iPhone 13 (128GB) - Green
(11% off),"57,900",4.5 out of 5 stars,"(29,448), , ",Apple iPhone 12 (128GB) - Blue
(18% off),"57,900",4.5 out of 5 stars,"(29,448), , ",Apple iPhone 12 (128GB) - White
(11% off),"57,900",4.5 out of 5 stars,"(29,448), , ",Apple iPhone 12 (128GB) - Black
(10% off),"71,999",4.6 out of 5 stars,"(12,946), , ",Apple iPhone 13 (256GB) - Midnight
(11% off),"57,900",4.5 out of 5 stars,"(29,448), , ",Apple iPhone 12 (128GB) - Purple
(5% off),"1,32,990",4.6 out of 5 stars,"(189), , ",Apple iPhone 14 Pro Max 128GB Silver
(5% off),"1,32,999",4.6 out of 5 stars,"(189), , ",Apple iPhone 14 Pro Max 128GB Deep Purple
(5% off),"1,22,999",4.6 out of 5 stars,"(218), , ",Apple iPhone 14 Pro 128GB Deep Purple
(10% off),"53,900",4.5 out of 5 stars,"(29,448), , ",Apple iPhone 12 (64GB) - Blue
(5% off),"1,32,999",4.6 out of 5 stars,"(189), , ",Apple iPhone 14 Pro Max 128GB Space Black
(5% off),"1,42,990",4.6 out of 5 stars,"(189), , ",Apple iPhone 14 Pro Max 256GB Space Black
(7% off),"64,900",4.5 out of 5 stars,"(1,649)",Apple iPhone 13 Mini (128GB) - Blue
(6% off),"74,900",4.6 out of 5 stars,"(12,946), , ",Apple iPhone 13 (256GB) - Blue
(5% off),"1,23,069",4.6 out of 5 stars,"(218), , ",Apple iPhone 14 Pro 128GB Gold
(10% off),"71,999",4.6 out of 5 stars,"(12,946), , ",Apple iPhone 13 (256GB) - Starlight
(10% off),"53,900",4.5 out of 5 stars,"(29,448), , ",Apple iPhone 12 (64GB) - White
(11% off),"57,900",4.5 out of 5 stars,"(29,448), , ",Apple iPhone 12 (128GB) - (Product) RED
(23% off),"61,900",4.6 out of 5 stars,"(12,946), , ",Apple iPhone 13 (128GB) - Midnight
(10% off),"53,900",4.5 out of 5 stars,"(29,448), , ",Apple iPhone 12 (64GB) - Black
(23% off),"61,900",4.6 out of 5 stars,"(12,946), , ",Apple iPhone 13 (128GB) - Blue
(5% off),"1,22,999",4.6 out of 5 stars,"(218), , ",Apple iPhone 14 Pro 128GB Space Black
(11% off),"61,999",4.6 out of 5 stars,"(12,946), , ",Apple iPhone 13 (128GB) - Green
(6% off),"74,900",4.6 out of 5 stars,"(12,946), , ",Apple iPhone 13 (256GB) - (Product) RED
(11% off),"57,900",4.5 out of 5 stars,"(29,448), , ",Apple iPhone 12 (128GB) - Blue
(10% off),"62,799",4.5 out of 5 stars,"(29,448), , ","Apple New iPhone 12 (128GB) - Black Clear Case with Magsafe (for iPhone 12, 12 Pro)"
(10% off),"53,900",4.5 out of 5 stars,"(29,448), , ",Apple iPhone 12 (64GB) - Purple
(18% off),"57,900",4.5 out of 5 stars,"(29,448), , ",Apple iPhone 12 (128GB) - White
(7% off),"64,900",4.5 out of 5 stars,"(1,649), , ",Apple iPhone 13 Mini (128GB) - Starlight
(11% off),"57,900",4.5 out of 5 stars,"(29,448), , ",Apple iPhone 12 (128GB) - Black
(10% off),"53,900",4.5 out of 5 stars,"(29,448), , ",Apple iPhone 12 (64GB) - Green
(10% off),"71,999",4.6 out of 5 stars,"(12,946), , ",Apple iPhone 13 (256GB) - Midnight
(7% off),"64,900",4.5 out of 5 stars,"(1,649), , ",Apple iPhone 13 Mini (128 GB) - Green
(10% off),"53,900",4.5 out of 5 stars,"(29,448), , ",Apple iPhone 12 (64GB) - (Product) RED
(11% off),"57,900",4.5 out of 5 stars,"(29,448), , ",Apple iPhone 12 (128GB) - Purple
(4% off),"1,82,999",4.6 out of 5 stars,"(189), , ",Apple iPhone 14 Pro Max 1TB Space Black
(5% off),"1,32,999",4.6 out of 5 stars,"(189), , ",Apple iPhone 14 Pro Max 128GB Gold
(5% off),"1,32,999",4.6 out of 5 stars,"(189), , ",Apple iPhone 14 Pro Max 128GB Deep Purple
(5% off),"1,22,999",4.6 out of 5 stars,"(218), , ",Apple iPhone 14 Pro 128GB Deep Purple
(5% off),"1,22,999",4.6 out of 5 stars,"(218), , ",Apple iPhone 14 Pro 128GB Silver
(16% off),"91,999",4.6 out of 5 stars,"(12,946), , ",Apple iPhone 13 (512GB) - Starlight
(10% off),"53,900",4.5 out of 5 stars,"(29,448), , ",Apple iPhone 12 (64GB) - Blue
(10% off),"62,799",4.5 out of 5 stars,"(29,448), , ","Apple New iPhone 12 (128GB) - White Clear Case with Magsafe (for iPhone 12, 12 Pro)"
(5% off),"1,42,990",4.6 out of 5 stars,"(189), , ",Apple iPhone 14 Pro Max 256GB Space Black
(6% off),"74,900",4.6 out of 5 stars,"(12,946), , ",Apple iPhone 13 (256GB) - Blue
(10% off),"71,999",4.6 out of 5 stars,"(12,946), , ",Apple iPhone 13 (256GB) - Starlight
(10% off),"53,900",4.5 out of 5 stars,"(29,448), , ",Apple iPhone 12 (64GB) - White
(10% off),"53,900",4.5 out of 5 stars,"(29,448), , ",Apple iPhone 12 (64GB) - Black
(5% off),"1,22,999",4.6 out of 5 stars,"(218), , ",Apple iPhone 14 Pro 128GB Space Black
(6% off),"74,900",4.6 out of 5 stars,"(12,946), , ",Apple iPhone 13 (256GB) - (Product) RED
(10% off),"53,900",4.5 out of 5 stars,"(29,448), , ",Apple iPhone 12 (64GB) - Purple
(7% off),"64,900",4.5 out of 5 stars,"(1,649), , ",Apple iPhone 13 Mini (128GB) - Starlight
(10% off),"53,900",4.5 out of 5 stars,"(29,448), , ",Apple iPhone 12 (64GB) - Green
(10% off),"53,900",4.5 out of 5 stars,"(29,448), , ",Apple iPhone 12 (64GB) - (Product) RED
(5% off),"1,32,999",4.6 out of 5 stars,"(189), , ",Apple iPhone 14 Pro Max 128GB Gold
(5% off),"1,22,999",4.6 out of 5 stars,"(218), , ",Apple iPhone 14 Pro 128GB Silver
