discount,price,rating,sold,title
(13% off),"13,999",4.1 out of 5 stars,"(20,134), , ","iQOO Z6 Lite 5G by vivo (Stellar Green, 4GB RAM, 64GB Storage) | World's First Snapdragon 4 Gen 1 | 120Hz Refresh Rate | 5000mAh Battery | Travel Adapter to be Purchased Separately"
(18% off),"15,499",4.1 out of 5 stars,"(20,134), , ","iQOO Z6 Lite 5G by vivo (Stellar Green, 6GB RAM, 128GB Storage) | World's First Snapdragon 4 Gen 1 | 120Hz Refresh Rate | 5000mAh Battery | Travel Adapter to be Purchased Separately"
(19% off),"16,999",4.0 out of 5 stars,"(21,859), , ","iQOO Z6 5G by vivo (Chromatic Blue, 6GB RAM, 128GB Storage) | Snapdragon 695-6nm Processor | 120Hz FHD+ Display | 5000mAh Battery"
(14% off),"29,999",4.4 out of 5 stars,"(20,912), , ","iQOO Neo 6 5G (Dark Nova, 8GB RAM, 128GB Storage) | Snapdragon® 870 5G | 80W FlashCharge"
(20% off),"15,999",4.1 out of 5 stars,"(20,134), , ","iQOO Z6 Lite 5G (Stellar Green, 6GB RAM, 128GB Storage) | World's First Snapdragon 4 Gen 1 | Best in-Segment 120Hz Refresh Rate | Travel Adaptor Included in The Box"
(18% off),"22,999",4.3 out of 5 stars,"(9,869), , ","iQOO Z6 Pro 5G by vivo (Legion Sky, 6GB RAM, 128GB Storage) | Snapdragon 778G 5G | 66W FlashCharge | 1300 nits Peak Brightness | HDR10+"
(13% off),"13,999",4.1 out of 5 stars,"(20,134)","iQOO Z6 Lite 5G by vivo (Mystic Night, 4GB RAM, 64GB Storage) | World's First Snapdragon 4 Gen 1 | 120Hz Refresh Rate | 5000mAh Battery | Travel Adapter to be Purchased Separately"
(18% off),"22,999",4.3 out of 5 stars,"(9,869), , ","iQOO Z6 Pro 5G by vivo (Phantom Dusk, 6GB RAM, 128GB Storage) | Snapdragon 778G 5G | 66W FlashCharge | 1300 nits Peak Brightness | HDR10+"
(22% off),"15,499",4.0 out of 5 stars,"(21,859), , ","iQOO Z6 5G by vivo (Dynamo Black, 4GB RAM, 128GB Storage) | Snapdragon 695-6nm Processor | 120Hz FHD+ Display | 5000mAh Battery"
(20% off),"15,999",4.1 out of 5 stars,"(20,134), , ","iQOO Z6 Lite 5G (Mystic Night, 6GB RAM, 128GB Storage) | World's First Snapdragon 4 Gen 1 | Best in-Segment 120Hz Refresh Rate | Travel Adaptor Included in The Box"
(15% off),"33,999",4.4 out of 5 stars,"(20,912), , ","iQOO Neo 6 5G (Cyber Rage, 12GB RAM,256GB Storage) | Snapdragon® 870 5G | 80W FlashCharge"
(19% off),"16,999",4.0 out of 5 stars,"(21,859), , ","iQOO Z6 5G by vivo (Dynamo Black, 6GB RAM, 128GB Storage) | Snapdragon 695-6nm Processor | 120Hz FHD+ Display | 5000mAh Battery"
(14% off),"42,990",4.2 out of 5 stars,"(3,608), , ","iQOO 9 5G (Legend, 8GB RAM, 128GB Storage) | Qualcomm Snapdragon 888+ | 120W FlashCharge"
(23% off),"30,990",4.3 out of 5 stars,"(8,582), , ","iQOO 9 SE 5G (Sunset Sierra, 8GB RAM, 128GB Storage) | Qualcomm Snapdragon 888 | 66W Flash Charge"
(15% off),"33,999",4.4 out of 5 stars,"(20,912), , ","iQOO Neo 6 5G (Maverick Orange, 12GB RAM, 256GB Storage) | Snapdragon® 870 5G | 80W FlashCharge"
(28% off),"14,499",4.1 out of 5 stars,"(20,134), , ","iQOO Z6 44W by vivo (Lumina Blue, 4GB RAM, 128GB Storage) | 6.44"" FHD+ AMOLED Display | 50% Charge in just 27 mins | in-Display Fingerprint Scanning"
(18% off),"27,999",4.3 out of 5 stars,"(9,869), , ","iQOO Z6 Pro 5G by vivo (Legion Sky, 12GB RAM, 256GB Storage) | Snapdragon 778G 5G | 66W FlashCharge | 1300 nits Peak Brightness | HDR10+"
(23% off),"30,990",4.3 out of 5 stars,"(8,582), , ","iQOO 9 SE 5G (Space Fusion, 8GB RAM, 128GB Storage) | Qualcomm Snapdragon 888 | 66W Flash Charge"
(3% off),"59,999",4.5 out of 5 stars,"(117), , ","iQOO 11 5G (Alpha, 8GB RAM, 256 GB Storage) | Snapdragon ® 8 Gen 2 Mobile Platform| 2K E6 AMOLED Display | V2 Chip"
(24% off),"15,999",4.1 out of 5 stars,"(20,134), , ","iQOO Z6 44W by vivo (Lumina Blue, 6GB RAM, 128GB Storage) | 6.44"" FHD+ AMOLED Display | 50% Charge in just 27 mins | in-Display Fingerprint Scanning"
(3% off),"64,999",4.5 out of 5 stars,"(117), , ","iQOO 11 5G (Alpha, 16GB RAM, 256 GB Storage) | Snapdragon ® 8 Gen 2 Mobile Platform | 2K E6 AMOLED Display | V2 Chip"
(13% off),"13,999",4.1 out of 5 stars,"(20,134)","iQOO Z6 Lite 5G by vivo (Stellar Green, 4GB RAM, 64GB Storage) | World's First Snapdragon 4 Gen 1 | 120Hz Refresh Rate | 5000mAh Battery | Travel Adapter to be Purchased Separately"
(24% off),"15,999",4.1 out of 5 stars,"(20,134), , ","iQOO Z6 44W by vivo (Raven Black, 6GB RAM, 128GB Storage) | 6.44"" FHD+ AMOLED Display | 50% Charge in just 27 mins | in-Display Fingerprint Scanning"
(14% off),"29,999",4.4 out of 5 stars,"(20,912), , ","iQOO Neo 6 5G (Cyber Rage, 8GB RAM, 128GB Storage) | Snapdragon® 870 5G | 80W FlashCharge"
(18% off),"15,499",4.1 out of 5 stars,"(20,134), , ","iQOO Z6 Lite 5G by vivo (Stellar Green, 6GB RAM, 128GB Storage) | World's First Snapdragon 4 Gen 1 | 120Hz Refresh Rate | 5000mAh Battery | Travel Adapter to be Purchased Separately"
(9% off),"49,999",4.4 out of 5 stars,"(1,265), , ","iQOO 9T 5G (Legend, 8GB RAM, 128GB Storage) | Snapdragon® 8+ Gen 1 | 120W FlashCharge | 120Hz E5 AMOLED Display"
(22% off),"15,499",4.0 out of 5 stars,"(21,859), , ","iQOO Z6 5G by vivo (Chromatic Blue, 4GB RAM, 128GB Storage) | Snapdragon 695-6nm Processor | 120Hz FHD+ Display | 5000mAh Battery"
(19% off),"16,999",4.0 out of 5 stars,"(21,859), , ","iQOO Z6 5G by vivo (Chromatic Blue, 6GB RAM, 128GB Storage) | Snapdragon 695-6nm Processor | 120Hz FHD+ Display | 5000mAh Battery"
(22% off),"15,499",4.0 out of 5 stars,"(21,859), , ","iQOO Z6 5G by vivo (Dynamo Black, 4GB RAM, 128GB Storage) | Snapdragon 695-6nm Processor | 120Hz FHD+ Display | Travel Adapter to be Purchased Separately"
(28% off),"14,499",4.1 out of 5 stars,"(20,134), , ","iQOO Z6 44W by vivo (Raven Black, 4GB RAM, 128GB Storage) | 6.44"" FHD+ AMOLED Display | 50% Charge in just 27 mins | in-Display Fingerprint Scanning"
(14% off),"29,999",4.4 out of 5 stars,"(20,912), , ","iQOO Neo 6 5G (Dark Nova, 8GB RAM, 128GB Storage) | Snapdragon® 870 5G | 80W FlashCharge"
(20% off),"59,990",4.1 out of 5 stars,"(1,222), , ","iQOO 9 Pro 5G (Legend, 8GB RAM, 256GB Storage) | Snapdragon 8 Gen 1 Mobile Processor | 120W FlashCharge"
(15% off),"33,999",4.4 out of 5 stars,"(20,912), , ","iQOO Neo 6 5G (Dark Nova, 12GB RAM, 256GB Storage) | Snapdragon® 870 5G | 80W FlashCharge"
(20% off),"15,999",4.1 out of 5 stars,"(20,134), , ","iQOO Z6 Lite 5G (Stellar Green, 6GB RAM, 128GB Storage) | World's First Snapdragon 4 Gen 1 | Best in-Segment 120Hz Refresh Rate | Travel Adaptor Included in The Box"
(18% off),"27,999",4.3 out of 5 stars,"(9,869), , ","iQOO Z6 Pro 5G by vivo (Phantom Dusk, 12GB RAM, 256GB Storage) | Snapdragon 778G 5G | 66W FlashCharge | 1300 nits Peak Brightness | HDR10+"
(18% off),"22,999",4.3 out of 5 stars,"(9,869), , ","iQOO Z6 Pro 5G by vivo (Legion Sky, 6GB RAM, 128GB Storage) | Snapdragon 778G 5G | 66W FlashCharge | 1300 nits Peak Brightness | HDR10+"
(13% off),"13,999",4.1 out of 5 stars,"(20,134), , ","iQOO Z6 Lite 5G by vivo (Mystic Night, 4GB RAM, 64GB Storage) | World's First Snapdragon 4 Gen 1 | 120Hz Refresh Rate | 5000mAh Battery | Travel Adapter to be Purchased Separately"
(26% off),"25,990",4.4 out of 5 stars,"(25,674), , ","iQOO 7 5G (Storm Black, 8GB RAM, 128GB Storage) | 4GB Extended RAM"
(28% off),"21,499",3.3 out of 5 stars,"(5), , ","(Renewed) IQOO Z6 Pro 5G (Phantom Dusk, 8GB RAM, 128GB Storage) | Snapdragon 778G 5G | 1300 nits Peak Brightness | HDR10+"
(18% off),"22,999",4.3 out of 5 stars,"(9,869), , ","iQOO Z6 Pro 5G by vivo (Phantom Dusk, 6GB RAM, 128GB Storage) | Snapdragon 778G 5G | 66W FlashCharge | 1300 nits Peak Brightness | HDR10+"
(3% off),"64,999",4.5 out of 5 stars,(117),"iQOO 11 5G (Legend, 16GB RAM, 256 GB Storage) | Snapdragon ® 8 Gen 2 Mobile Platform| 2K E6 AMOLED Display | V2 Chip"
(9% off),"49,999",4.4 out of 5 stars,"(1,265)","iQOO 9T 5G (Alpha, 8GB RAM, 128GB Storage) | Snapdragon® 8+ Gen 1 | 120W FlashCharge | 120Hz E5 AMOLED Display |"
(31% off),"20,499",3.7 out of 5 stars,"(9), , ","(Renewed) IQOO Z6 Pro 5G (Legion Sky, 6GB RAM, 128GB Storage) | Snapdragon 778G 5G | 1300 nits Peak Brightness | HDR10+"
(20% off),"15,999",4.1 out of 5 stars,"(20,134), , ","iQOO Z6 Lite 5G (Mystic Night, 6GB RAM, 128GB Storage) | World's First Snapdragon 4 Gen 1 | Best in-Segment 120Hz Refresh Rate | Travel Adaptor Included in The Box"
(3% off),"59,999",4.5 out of 5 stars,(117),"iQOO 11 5G (Legend, 8GB RAM, 256 GB Storage) | Snapdragon ® 8 Gen 2 Mobile Platform | 2K E6 AMOLED Display | V2 Chip"
(11% off),"39,990",4.4 out of 5 stars,"(5,845), , ","iQOO 7 Legend 5G (Legendary Track Design, 8GB RAM, 128GB Storage) | 3 GB Extended RAM | Qualcomm® Snapdragon™ 888 5G"
(19% off),"16,999",4.0 out of 5 stars,"(21,859), , ","iQOO Z6 5G by vivo (Dynamo Black, 6GB RAM, 128GB Storage) | Snapdragon 695-6nm Processor | 120Hz FHD+ Display | 5000mAh Battery"
(29% off),"24,990",4.4 out of 5 stars,"(25,674), , ","iQOO 7 5G (Monster Orange, 8GB RAM, 128GB Storage) | 4GB Extended RAM"
(19% off),"64,990",4.1 out of 5 stars,"(1,222), , ","iQOO 9 Pro 5G (Legend, 12GB RAM, 256GB Storage) | Snapdragon 8 Gen 1 Mobile Processor | 120W FlashCharge"
(23% off),"30,990",4.3 out of 5 stars,"(8,582), , ","iQOO 9 SE 5G (Sunset Sierra, 8GB RAM, 128GB Storage) | Qualcomm Snapdragon 888 | 66W Flash Charge"
(19% off),"64,990",4.1 out of 5 stars,"(1,222), , ","iQOO 9 Pro 5G (Dark Cruise, 12GB RAM, 256GB Storage) | Snapdragon 8 Gen 1 Mobile Processor | 120W FlashCharge"
(28% off),"14,499",4.1 out of 5 stars,"(20,134), , ","iQOO Z6 44W by vivo (Lumina Blue, 4GB RAM, 128GB Storage) | 6.44"" FHD+ AMOLED Display | 50% Charge in just 27 mins | in-Display Fingerprint Scanning"
(20% off),"59,990",4.1 out of 5 stars,"(1,222), , ","iQOO 9 Pro 5G (Dark Cruise, 8GB RAM, 256GB Storage) | Snapdragon 8 Gen 1 Mobile Processor | 120W FlashCharge"
(23% off),"30,990",4.3 out of 5 stars,"(8,582), , ","iQOO 9 SE 5G (Space Fusion, 8GB RAM, 128GB Storage) | Qualcomm Snapdragon 888 | 66W Flash Charge"
(31% off),"20,499",4.6 out of 5 stars,"(3), , ","(Renewed) IQOO Z6 Pro 5G (Phantom Dusk, 6GB RAM, 128GB Storage) | Snapdragon 778G 5G | 1300 nits Peak Brightness | HDR10+"
(24% off),"15,999",4.1 out of 5 stars,"(20,134), , ","iQOO Z6 44W by vivo (Lumina Blue, 6GB RAM, 128GB Storage) | 6.44"" FHD+ AMOLED Display | 50% Charge in just 27 mins | in-Display Fingerprint Scanning"
(8% off),"54,999",4.4 out of 5 stars,"(1,265), , ","iQOO 9T 5G (Legend, 12GB RAM, 256GB Storage) | Snapdragon® 8+ Gen 1 | 120W FlashCharge | 120Hz E5 AMOLED Display |"
(24% off),"15,999",4.1 out of 5 stars,"(20,134), , ","iQOO Z6 44W by vivo (Raven Black, 6GB RAM, 128GB Storage) | 6.44"" FHD+ AMOLED Display | 50% Charge in just 27 mins | in-Display Fingerprint Scanning"
(35% off),"22,499",4.2 out of 5 stars,"(71), , ","(Renewed) iQOO 7 5G (Monster Orange, 8GB RAM, 128GB Storage)"
(14% off),"29,999",4.4 out of 5 stars,"(20,912), , ","iQOO Neo 6 5G (Cyber Rage, 8GB RAM, 128GB Storage) | Snapdragon® 870 5G | 80W FlashCharge"
(22% off),"15,499",4.0 out of 5 stars,"(21,859), , ","iQOO Z6 5G by vivo (Chromatic Blue, 4GB RAM, 128GB Storage) | Snapdragon 695-6nm Processor | 120Hz FHD+ Display | 5000mAh Battery"
(28% off),"14,499",4.1 out of 5 stars,"(20,134), , ","iQOO Z6 44W by vivo (Raven Black, 4GB RAM, 128GB Storage) | 6.44"" FHD+ AMOLED Display | 50% Charge in just 27 mins | in-Display Fingerprint Scanning"
(15% off),"33,999",4.4 out of 5 stars,"(20,912), , ","iQOO Neo 6 5G (Dark Nova, 12GB RAM, 256GB Storage) | Snapdragon® 870 5G | 80W FlashCharge"
(18% off),"27,999",4.3 out of 5 stars,"(9,869), , ","iQOO Z6 Pro 5G by vivo (Phantom Dusk, 12GB RAM, 256GB Storage) | Snapdragon 778G 5G | 66W FlashCharge | 1300 nits Peak Brightness | HDR10+"
(26% off),"25,990",4.4 out of 5 stars,"(25,674), , ","iQOO 7 5G (Storm Black, 8GB RAM, 128GB Storage) | 4GB Extended RAM"
(3% off),"64,999",4.5 out of 5 stars,"(117), , ","iQOO 11 5G (Legend, 16GB RAM, 256 GB Storage) | Snapdragon ® 8 Gen 2 Mobile Platform| 2K E6 AMOLED Display | V2 Chip"
(3% off),"59,999",4.5 out of 5 stars,"(117), , ","iQOO 11 5G (Legend, 8GB RAM, 256 GB Storage) | Snapdragon ® 8 Gen 2 Mobile Platform | 2K E6 AMOLED Display | V2 Chip"
(29% off),"24,990",4.4 out of 5 stars,"(25,674), , ","iQOO 7 5G (Monster Orange, 8GB RAM, 128GB Storage) | 4GB Extended RAM"
