discount,price,rating,sold,title
(27% off),"10,999",4.1 out of 5 stars,"(1,016), , ","Lava Blaze 5G (Glass Green, 4GB RAM, UFS 2.2 128GB Storage) | 5G Ready | 50MP AI Triple Camera | 5000 mAh Battery"
(27% off),"10,999",4.1 out of 5 stars,"(1,016)","Lava Blaze 5G (Glass Blue, 4GB RAM, UFS 2.2 128GB Storage) | 5G Ready | 50MP AI Triple Camera | 5000 mAh Battery"
(17% off),"1,680",4.0 out of 5 stars,"(6,182), , ","Lava Gem (Blue Gold), Speaker with Amplifier, PMMA 2.5D Glass, Military Grade Certified,1.3 MP Camera, Keypad Mobile"
(29% off),849,3.8 out of 5 stars,"(1,611), , ","Lava Hero 600i (Sapphire Blue) with Sleek and Stylish Design, 10 Regional Languages Input Support, Auto Call Recording, Wireless FM with Recording and 32 GB Expandable Storage"
(16% off),"1,055",3.8 out of 5 stars,"(2,414), , ","Lava A1 Josh 21(Blue Silver) -Dual Sim,Call Blink Notification,Military Grade Certified with 4 Day Battery Backup, Keypad Mobile"
(10% off),"1,911",4.0 out of 5 stars,"(7,234), , ","Lava Flip, Blue - Dual Sim Keypad Mobile with Unique Design, Notification LED and Number Talker"
(20% off),"1,680",4.0 out of 5 stars,"(6,182), , ","Lava Gem (Gold+Black), Speaker with Amplifier, PMMA 2.5D Glass, Military Grade Certified,1.3 MP Camera, Keypad Mobile"
(27% off),"1,212",4.0 out of 5 stars,"(5,539), , ",Lava A3 (White Beige) - Dual Sim Mobile with 1750 mAh Big Battery and 32 GB Expandable Storage
(28% off),900,3.8 out of 5 stars,"(1,611), , ","Lava Hero 600+ (Blue Green), Auto Call Recording, FM Recording, Keypad Mobile, Basic Mobile"
(18% off),"1,410",3.9 out of 5 stars,"(5,476), , ","Lava A5 (Gold), Military Grade Certified with 3 Days Battery Backup, Sound Leakage Resistance, Super Battery Mode, Keypad Mobile"
(31% off),"1,099",4.2 out of 5 stars,"(40), , ","Lava Hero 1800 (Mint Green), Keypad Mobile with Powerful 1800 mAh Battery, Strong and Sturdy Body, Bluetooth Support, Sleek and Stylish Design"
(8% off),"1,212",4.0 out of 5 stars,"(5,539), , ",Lava A3 (Dark Blue) - Dual Sim Mobile with 1750 mAh Big Battery and 32 GB Expandable Storage
(19% off),"1,390",3.8 out of 5 stars,"(761), , ",Lava A5 (Dimond Blue)
(24% off),"1,299",4.0 out of 5 stars,"(720), , ","Lava A3 Power (Aqua Blue),Military Grade Certified, Jumbo Battery with 10 Days Backup, Dedicated Music Buttons, Keypad Mobile, Basic Mobile"
(12% off),"5,299",3.4 out of 5 stars,"(470), , ","Lava Z21 (2GB RAM, 32GB ROM)-Blue| Octa Core Processor| Stock Android 11| Powerful 3100 mAh Battery"
(21% off),"1,087",3.8 out of 5 stars,"(3,299), , ","Lava A1 2021(Blue Silver), Bluetooth Support, Smart AI Battery, Military Grade Certified,4 Days Battery Backup, Keypad Mobile"
(6% off),"1,977",4.1 out of 5 stars,"(13), , ","Lava Gem Power Big Screen Dual Sim KEYPAD Mobile 2.8"" inch Screen with Big Battery 2575mah (Military Grade Certified)"
(22% off),"6,999",3.8 out of 5 stars,"(19), , ","Lava X3(‎Arctic Blue, 3GB RAM, 32GB Storage) | 8MP Dual Camera | Fingerprint Sensor | Android 12 Go Edition | 6.5 inch HD+ IPS | Free Service at Home | Clean Android Experience"
(27% off),"10,999",4.1 out of 5 stars,"(1,016), , ","Lava Blaze 5G (Glass Green, 4GB RAM, UFS 2.2 128GB Storage) | 5G Ready | 50MP AI Triple Camera | 5000 mAh Battery"
(16% off),"1,087",3.8 out of 5 stars,"(3,299), , ","Lava A1 (Candy Blue), Number Talker, Smart AI Battery, 4 Days Battery Backup, Military Grade Certified, Keypad Mobile"
(12% off),"5,299",3.4 out of 5 stars,"(470), , ","Lava Z21 (2GB RAM, 32GB ROM)-Cyan| Octa Core Processor| Stock Android 11| Powerful 3100 mAh Battery"
(27% off),"10,999",4.1 out of 5 stars,"(1,016), , ","Lava Blaze 5G (Glass Blue, 4GB RAM, UFS 2.2 128GB Storage) | 5G Ready | 50MP AI Triple Camera | 5000 mAh Battery"
(28% off),900,3.8 out of 5 stars,"(1,611), , ","Lava Hero Punch(Charcoal Grey),Stylish Design, 3 Day Battery Backup, FM with Recording, Keypad Mobile, Basic Mobile"
(15% off),"1,107",3.8 out of 5 stars,"(313), , ",Lava A1 Super 2021(Blue Silver)-Dual Sim |Loud Sound| Number Talker| Vibration Support| auto Call recoding with 4 Day Battery Backup
(17% off),"1,680",4.0 out of 5 stars,"(6,182), , ","Lava Gem (Blue Gold), Speaker with Amplifier, PMMA 2.5D Glass, Military Grade Certified,1.3 MP Camera, Keypad Mobile"
(13% off),"6,999",4.0 out of 5 stars,"(1,173), , ","Lava X2 (2GB RAM, 32GB Storage) - Striped Cyan| Long Lasting 5000 mAh Battery| High Performance Octa Core Processor| Big 6.5 inch(16.5cm) Display HD+IPS Notch Display"
(15% off),"1,427",3.5 out of 5 stars,"(88), , ",(Renewed) Lava GEM (Blue Gold)
(29% off),849,3.8 out of 5 stars,"(1,611), , ","Lava Hero 600i (Sapphire Blue) with Sleek and Stylish Design, 10 Regional Languages Input Support, Auto Call Recording, Wireless FM with Recording and 32 GB Expandable Storage"
(24% off),"1,399",4.0 out of 5 stars,"(524), , ","Lava A1500 (Black Gold), Dual Sim Keypad Mobile with 2.4"" Big Display, 6 Days Battery Backup, VGA Camera & Military Grade Certified Strong Body"
(15% off),"1,197",3.6 out of 5 stars,"(112), , ",(Renewed) Lava A5 (Gold)
(16% off),"1,055",3.8 out of 5 stars,"(2,414), , ","Lava A1 Josh 21(Blue Silver) -Dual Sim,Call Blink Notification,Military Grade Certified with 4 Day Battery Backup, Keypad Mobile"
(21% off),"1,087",3.8 out of 5 stars,"(3,299), , ","Lava A1 2021(Black Gold), Bluetooth Support, Smart AI Battery, Military Grade Certified,4 Days Battery Backup, Keypad Mobile"
(22% off),"6,999",3.8 out of 5 stars,"(19), , ","Lava X3(‎Charcoal Black, 3GB RAM, 32GB Storage) | 8MP Dual Camera | Fingerprint Sensor | Android 12 Go Edition | 6.5 inch HD+ IPS | Free Service at Home | Clean Android Experience"
(10% off),"1,911",4.0 out of 5 stars,"(7,234), , ","Lava Flip, Blue - Dual Sim Keypad Mobile with Unique Design, Notification LED and Number Talker"
(22% off),"6,999",3.8 out of 5 stars,"(19), , ","Lava X3(‎Luster Blue, 3GB RAM, 32GB Storage) | 8MP Dual Camera | Fingerprint Sensor | Android 12 Go Edition | 6.5 inch HD+ IPS | Free Service at Home | Clean Android Experience"
(11% off),"1,549",3.8 out of 5 stars,"(516), , ","Lava A7 2020 (Blue Silver) - 1800 Mah Big Battery, Big Screen and 32GB Expandable Storage"
(20% off),"1,680",4.0 out of 5 stars,"(6,182), , ","Lava Gem (Gold+Black), Speaker with Amplifier, PMMA 2.5D Glass, Military Grade Certified,1.3 MP Camera, Keypad Mobile"
(25% off),"17,990",4.2 out of 5 stars,"(887), , ",Lava Agni 5G |64 MP AI Quad Camera| (8GB RAM/128 GB ROM)| 5000 mAh Battery| Superfast 30W Fast Charging| 6.78 inch Big Screen (Fiery Blue)
(19% off),"9,299",3.5 out of 5 stars,"(21), , ","Lava Blaze NXT(Glass Blue, 4GB RAM, 64GB Storage)| 2.3 Ghz Octa Core Helio G37| 13 MP AI Triple Camera |Fingerprint Sensor| 5000 mAh Battery| Upto 7GB Expandable RAM"
(27% off),"1,212",4.0 out of 5 stars,"(5,539), , ",Lava A3 (White Beige) - Dual Sim Mobile with 1750 mAh Big Battery and 32 GB Expandable Storage
(20% off),"1,528",3.9 out of 5 stars,"(136), , ","Lava A7 Star (Blue/Silver), 6 Days Battery Backup, 2.4 inch Big Display, Superior Stereo Sound, keypad Mobile with Wireless FM and Auto Call Recording"
(15% off),"1,180",3.7 out of 5 stars,"(28), , ",(Renewed) Lava A5 (Dimond Blue)
(18% off),"1,410",3.9 out of 5 stars,"(5,476), , ","Lava A5 (Gold), Military Grade Certified with 3 Days Battery Backup, Sound Leakage Resistance, Super Battery Mode, Keypad Mobile"
(31% off),"1,099",4.2 out of 5 stars,"(40), , ","Lava Hero 1800 (Mob Blue), Keypad Mobile with Powerful 1800 mAh Battery, Strong and Sturdy Body, Bluetooth Support, Sleek and Stylish Design"
(15% off),"1,029",3.8 out of 5 stars,"(48), , ",(Renewed) Lava A3 (White Beige)
(8% off),"1,212",4.0 out of 5 stars,"(5,539), , ",Lava A3 (Dark Blue) - Dual Sim Mobile with 1750 mAh Big Battery and 32 GB Expandable Storage
(13% off),"6,999",4.0 out of 5 stars,"(1,173), , ","Lava X2 (2GB RAM, 32GB Storage) - Striped Blue| Long Lasting 5000 mAh Battery| High Performance Octa Core Processor| Big 6.5 inch(16.5cm) Display HD+IPS Notch Display"
(19% off),"9,299",3.5 out of 5 stars,"(21), , ","Lava Just Launched Blaze NXT(Glass Green, 4GB RAM, 64GB Storage)| MediaTek Helio G37 OCTACORE Processor | 13 MP AI Triple Camera | Upto 7GB Expandable RAM | 5000 mAh Battery | Fingerprint Sensor"
(24% off),"1,299",4.0 out of 5 stars,"(720), , ","Lava A3 Power (Aqua Blue),Military Grade Certified, Jumbo Battery with 10 Days Backup, Dedicated Music Buttons, Keypad Mobile, Basic Mobile"
(15% off),720,3.8 out of 5 stars,"(5), , ","(Renewed) Lava Hero 600i (Sapphire Blue) with Sleek and Stylish Design, 10 Regional Languages Input Support, Auto Call Recording, Wireless FM with Recording and 32 GB Expandable Storage"
(15% off),923,4.2 out of 5 stars,"(12), , ",(Renewed) Lava A1(Candy Blue) -Dual Sim |Call Blink Notfication |auto Call recoding |Military Grade Certified with 4 Day Battery Backup (A1 2021)
(21% off),"1,087",3.8 out of 5 stars,"(3,299), , ","Lava A1 2021(Blue Silver), Bluetooth Support, Smart AI Battery, Military Grade Certified,4 Days Battery Backup, Keypad Mobile"
(18% off),"1,624",3.4 out of 5 stars,"(52), , ",(Renewed) Lava Flip (Red)
(16% off),"1,087",3.8 out of 5 stars,"(3,299), , ","Lava A1 (Candy Blue), Number Talker, Smart AI Battery, 4 Days Battery Backup, Military Grade Certified, Keypad Mobile"
(15% off),"1,103",3.7 out of 5 stars,"(25), , ",(Renewed) Lava A3 Power Aqua Ble- Dual Sim|Advance MP3 Player with Music Buttons|with 10 Day Battery Backup
(28% off),900,3.8 out of 5 stars,"(1,611), , ","Lava Hero Punch(Charcoal Grey),Stylish Design, 3 Day Battery Backup, FM with Recording, Keypad Mobile, Basic Mobile"
(15% off),"15,290",4.2 out of 5 stars,"(28), , ","(Renewed) Lava Agni 5G Fiery Blue (8GB RAM, 128GB Storage)"
(13% off),"6,999",4.0 out of 5 stars,"(1,173), , ","Lava X2 (2GB RAM, 32GB Storage) - Striped Cyan| Long Lasting 5000 mAh Battery| High Performance Octa Core Processor| Big 6.5 inch(16.5cm) Display HD+IPS Notch Display"
(24% off),"1,399",4.0 out of 5 stars,"(524), , ","Lava A1500 (Black Gold), Dual Sim Keypad Mobile with 2.4"" Big Display, 6 Days Battery Backup, VGA Camera & Military Grade Certified Strong Body"
(18% off),"7,999",4.0 out of 5 stars,"(5), , ","Lava Blaze (Glass Blue, 3GB RAM, 64GB Storage)| Premium Glass Back Design| 13 MP AI Triple Camera |Fingerprint Sensor| 5000 mAh Battery| Upto 6GB Expandable RAM"
(21% off),"1,087",3.8 out of 5 stars,"(3,299), , ","Lava A1 2021(Black Gold), Bluetooth Support, Smart AI Battery, Military Grade Certified,4 Days Battery Backup, Keypad Mobile"
(7% off),"1,629",3.8 out of 5 stars,"(239), , ",Lava 34ULTRA Teal Blue
(22% off),"6,999",3.8 out of 5 stars,"(19), , ","Lava X3(‎Luster Blue, 3GB RAM, 32GB Storage) | 8MP Dual Camera | Fingerprint Sensor | Android 12 Go Edition | 6.5 inch HD+ IPS | Free Service at Home | Clean Android Experience"
(12% off),"7,499",3.7 out of 5 stars,"(93), , ","Lava Z3 Pro (3GB RAM, 32GB Storage)- Cyan | High Performance Octa core Processor| Big 5000 mAh Battery | 8MP AI Dual Rear Camera"
(25% off),"17,990",4.2 out of 5 stars,"(887), , ",Lava Agni 5G |64 MP AI Quad Camera| (8GB RAM/128 GB ROM)| 5000 mAh Battery| Superfast 30W Fast Charging| 6.78 inch Big Screen (Fiery Blue)
(20% off),"1,528",3.9 out of 5 stars,"(136), , ","Lava A7 Star (Blue/Silver), 6 Days Battery Backup, 2.4 inch Big Display, Superior Stereo Sound, keypad Mobile with Wireless FM and Auto Call Recording"
(31% off),"1,099",4.2 out of 5 stars,"(40), , ","Lava Hero 1800 (Mob Blue), Keypad Mobile with Powerful 1800 mAh Battery, Strong and Sturdy Body, Bluetooth Support, Sleek and Stylish Design"
(13% off),"6,999",4.0 out of 5 stars,"(1,173), , ","Lava X2 (2GB RAM, 32GB Storage) - Striped Blue| Long Lasting 5000 mAh Battery| High Performance Octa Core Processor| Big 6.5 inch(16.5cm) Display HD+IPS Notch Display"
(15% off),720,3.8 out of 5 stars,"(5), , ","(Renewed) Lava Hero 600i (Sapphire Blue) with Sleek and Stylish Design, 10 Regional Languages Input Support, Auto Call Recording, Wireless FM with Recording and 32 GB Expandable Storage"
