discount,price,rating,sold,title
(14% off),"1,399",4.0 out of 5 stars,"(9,701), , ","Motorola a10 Dual Sim keypad Mobile with 1750 mAh Battery, Expandable Storage Upto 32GB, Wireless FM with Recording - Rose Gold"
(14% off),"1,399",4.0 out of 5 stars,"(9,701), , ","Motorola a10 Dual Sim keypad Mobile with 1750 mAh Battery, Expandable Storage Upto 32GB, Wireless FM with Recording - Dark Blue"
(14% off),"1,999",3.8 out of 5 stars,"(2,133), , ","Motorola a70 keypad Mobile Dual Sim with Expandable Memory Upto 32GB,Camera, 2.4 inch Screen with 1750 mAh Battery, Dark Blue"
(15% off),"1,699",4.0 out of 5 stars,"(931), , ","Motorola a50 (Dark Blue) - Dual Sim Keypad Mobile with Expandable Memory Upto 32GB, Rear Camera, 1750 mAh Big Battery, 6 Indian Languages Input Support"
(15% off),"1,189",3.9 out of 5 stars,"(63), , ",(Renewed) Moto a10(Rose Gold) Dual Sim 1750 mAh Battery
(15% off),"1,698",3.3 out of 5 stars,"(20), , ","(Renewed) Moto a70, Dark Blue, 2.4 inches, 1750 mAh Lithium_ion Battery"
