discount,price,rating,sold,title
(19% off),"1,299",4.0 out of 5 stars,"(129,273), , ","Nokia 105 Single SIM, Keypad Mobile Phone with Wireless FM Radio | Charcoal"
(24% off),"1,299",4.0 out of 5 stars,"(129,273), , ","Nokia 105 Plus Single SIM, Keypad Mobile Phone with Wireless FM Radio, Memory Card Slot and MP3 Player | Charcoal"
(24% off),"1,299",4.0 out of 5 stars,"(129,273), , ","Nokia 105 Plus Single SIM, Keypad Mobile Phone with Wireless FM Radio, Memory Card Slot and MP3 Player | Red"
(19% off),"1,299",4.0 out of 5 stars,"(129,273)","Nokia 105 Single SIM, Keypad Mobile Phone with Wireless FM Radio | Blue"
(15% off),"1,449",4.0 out of 5 stars,"(129,273)","Nokia 105 Dual SIM, Keypad Mobile Phone with Wireless FM Radio | Charcoal"
(21% off),"3,399",4.0 out of 5 stars,"(25,835), , ","Nokia 5310 Dual SIM Keypad Phone with MP3 Player, Wireless FM Radio and Rear Camera with Flash | White/Red"
(29% off),"3,749",3.5 out of 5 stars,"(1,750), , ","Nokia 8210 4G Volte keypad Phone with Dual SIM, Big Display, inbuilt MP3 Player & Wireless FM Radio | Blue"
(21% off),"4,649",3.7 out of 5 stars,"(602), , ","Nokia 2660 Flip 4G Volte keypad Phone with Dual SIM, Dual Screen, inbuilt MP3 Player & Wireless FM Radio | Black"
(21% off),"3,399",4.0 out of 5 stars,"(25,835)","Nokia 5310 Dual SIM Keypad Phone with MP3 Player, Wireless FM Radio and Rear Camera with Flash | Black/Red"
(24% off),"1,449",4.0 out of 5 stars,"(129,273), , ",NOKIA 105 PLUS TA-1456 DS IN CHARCOAL
(21% off),"13,499",4.1 out of 5 stars,"(3,264), , ","Nokia G21 Android Smartphone, Dual SIM, 3-Day Battery Life, 6GB RAM + 128GB Storage, 50MP Triple AI Camera | Nordic Blue"
(15% off),"1,104",3.4 out of 5 stars,"(108), , ","(Renewed) Nokia 105 Single SIM, Keypad Mobile Phone with Wireless FM Radio | Charcoal"
(20% off),"2,799",3.6 out of 5 stars,"(6,475), , ","Nokia 110 4G with Volte HD Calls, Up to 32GB External Memory, FM Radio (Wired & Wireless Dual Mode), Games, Torch | Charcoal 110 DS-4G"
(25% off),"5,249",3.4 out of 5 stars,"(3,161), , ","Nokia C01 Plus 4G, 5.45” HD+ Screen, Selfie Camera with Front Flash (Blue)"
(21% off),"4,649",3.7 out of 5 stars,"(602), , ","Nokia 2660 Flip 4G Volte keypad Phone with Dual SIM, Dual Screen, inbuilt MP3 Player & Wireless FM Radio | Blue"
(29% off),"5,719",3.4 out of 5 stars,"(3,161), , ","Nokia C01 Plus 4G, 5.45” HD+ Screen, Selfie Camera with Front Flash | 32GB Storage (Blue)"
(8% off),"2,588",3.9 out of 5 stars,"(14,399), , ",Nokia 150 (2020) (Cyan)
(16% off),"1,340",4.0 out of 5 stars,"(129,273), , ",Nokia 105 Single SIM (Blue)
(14% off),"3,249",3.5 out of 5 stars,"(6,258), , ","Nokia 215 4G Dual SIM 4G Phone with Long Battery Life, Multiplayer Games, Wireless FM Radio and Durable Ergonomic Design – Cyan Green_124.7 x 51.0 x 13.7 mm"
(15% off),"2,199",3.8 out of 5 stars,"(1,528), , ",Nokia 125 TA-1253 DS in Black
(19% off),"1,299",4.0 out of 5 stars,"(129,273), , ","Nokia 105 Single SIM, Keypad Mobile Phone with Wireless FM Radio | Charcoal"
(13% off),"2,599",3.9 out of 5 stars,"(14,399), , ",Nokia 150 (2020) (Black)
(24% off),"1,599",3.8 out of 5 stars,"(16,235), , ",Nokia 110 Dual SIM (Blue)
(24% off),"1,299",4.0 out of 5 stars,"(129,273), , ","Nokia 105 Plus Single SIM, Keypad Mobile Phone with Wireless FM Radio, Memory Card Slot and MP3 Player | Charcoal"
(19% off),"1,299",4.0 out of 5 stars,"(129,273), , ",Nokia 105 Single SIM (Pink)
(6% off),"1,590",4.0 out of 5 stars,"(129,273), , ",NOKIA 105 Dual SIM (Black)
(24% off),"1,299",4.0 out of 5 stars,"(129,273), , ","Nokia 105 Plus Single SIM, Keypad Mobile Phone with Wireless FM Radio, Memory Card Slot and MP3 Player | Red"
(20% off),"2,799",3.6 out of 5 stars,"(6,475), , ","Nokia 110 4G with Volte HD Calls, Up to 32GB External Memory, FM Radio (Wired & Wireless Dual Mode), Games, Torch | Aqua 110 DS-4G"
(21% off),"4,649",3.7 out of 5 stars,"(602), , ","Nokia 2660 Flip 4G Volte keypad Phone with Dual SIM, Dual Screen, inbuilt MP3 Player & Wireless FM Radio | Red"
(19% off),"1,299",4.0 out of 5 stars,"(129,273), , ","Nokia 105 Single SIM, Keypad Mobile Phone with Wireless FM Radio | Blue"
(24% off),"1,599",3.8 out of 5 stars,"(16,235)",Nokia 110 Dual SIM (Black)
(21% off),"13,499",4.1 out of 5 stars,"(3,264), , ","Nokia G21 Android Smartphone, Dual SIM, 3-Day Battery Life, 6GB RAM + 128GB Storage, 50MP Triple AI Camera | Dusk"
(15% off),"1,449",4.0 out of 5 stars,"(129,273), , ","Nokia 105 Dual SIM, Keypad Mobile Phone with Wireless FM Radio | Charcoal"
(9% off),"1,449",4.0 out of 5 stars,"(129,273), , ","Nokia 105 Dual SIM, Keypad Mobile Phone with Wireless FM Radio | Blue"
(29% off),"5,719",3.4 out of 5 stars,"(3,161), , ","Nokia C01 Plus 4G, 5.45” HD+ Screen, Selfie Camera with Front Flash | 32GB Storage (Grey)"
(21% off),"3,399",4.0 out of 5 stars,"(25,835), , ","Nokia 5310 Dual SIM Keypad Phone with MP3 Player, Wireless FM Radio and Rear Camera with Flash | White/Red"
(23% off),"1,699",3.8 out of 5 stars,"(16,235), , ","Nokia 110 4G Keypad Phone with Wireless FM Radio, Snake Game, Auto Call Recording | Rose Gold 110 DS"
(13% off),"2,099",3.8 out of 5 stars,"(1,528), , ",NOKIA 125 DS
(29% off),"3,749",3.5 out of 5 stars,"(1,750), , ","Nokia 8210 4G Volte keypad Phone with Dual SIM, Big Display, inbuilt MP3 Player & Wireless FM Radio | Blue"
(20% off),"3,699",4.1 out of 5 stars,"(17,402), , ","Nokia 3310 Dual SIM Feature Phone with MP3 Player, Wireless FM Radio and Rear Camera, Dark Blue"
(24% off),"1,449",4.0 out of 5 stars,"(129,273), , ",NOKIA 105 Plus TA-1456 DS in RED
(21% off),"4,649",3.7 out of 5 stars,"(602), , ","Nokia 2660 Flip 4G Volte keypad Phone with Dual SIM, Dual Screen, inbuilt MP3 Player & Wireless FM Radio | Black"
(26% off),"4,799",3.5 out of 5 stars,"(133), , ","Nokia 5710 XpressAudio keypad Phone, with inbuilt Wireless Earbuds, MP3 Player, Wireless FM Radio, Dedicated Music Buttons, and Bigger Battery | Black"
(29% off),"3,749",3.5 out of 5 stars,"(1,750), , ","Nokia 8210 4G Volte keypad Phone with Dual SIM, Big Display, inbuilt MP3 Player & Wireless FM Radio | Red"
(21% off),"3,399",4.0 out of 5 stars,"(25,835), , ","Nokia 5310 Dual SIM Keypad Phone with MP3 Player, Wireless FM Radio and Rear Camera with Flash | Black/Red"
(18% off),"3,599",3.4 out of 5 stars,"(5,546), , ","Nokia 225 4G Dual SIM Feature Phone with Long Battery Life, Camera, Multiplayer Games, and Premium Finish – Black Colour"
(21% off),"13,499",4.1 out of 5 stars,"(3,264), , ","Nokia G21 Android Smartphone, Dual SIM, 3-Day Battery Life, 6GB RAM + 128GB Storage, 50MP Triple AI Camera | Nordic Blue"
(20% off),"2,799",3.6 out of 5 stars,"(6,475), , ","Nokia 110 4G with Volte HD Calls, Up to 32GB External Memory, FM Radio (Wired & Wireless Dual Mode), Games, Torch | Yellow 110 DS-4G"
(25% off),"5,249",3.4 out of 5 stars,"(3,161), , ","Nokia C01 Plus 4G, 5.45” HD+ Screen, Selfie Camera with Front Flash (Grey)"
(20% off),"2,799",3.6 out of 5 stars,"(6,475), , ","Nokia 110 4G with Volte HD Calls, Up to 32GB External Memory, FM Radio (Wired & Wireless Dual Mode), Games, Torch | Charcoal 110 DS-4G"
(20% off),"3,699",4.1 out of 5 stars,"(17,402), , ","Nokia 3310 Dual SIM Keypad Phone with MP3 Player, Wireless FM Radio and Rear Camera | Red"
(21% off),"4,649",3.7 out of 5 stars,"(602), , ","Nokia 2660 Flip 4G Volte keypad Phone with Dual SIM, Dual Screen, inbuilt MP3 Player & Wireless FM Radio | Blue"
(24% off),"1,599",3.8 out of 5 stars,"(16,235), , ",Nokia 110 TA-1434 DS in Cyan
(8% off),"2,588",3.9 out of 5 stars,"(14,399), , ",Nokia 150 (2020) (Cyan)
(27% off),"3,299",3.6 out of 5 stars,"(1,950), , ",Nokia 6310 TA-1400 DS in Green
(14% off),"3,249",3.5 out of 5 stars,"(6,258), , ","Nokia 215 4G Dual SIM 4G Phone with Long Battery Life, Multiplayer Games, Wireless FM Radio and Durable Ergonomic Design – Cyan Green_124.7 x 51.0 x 13.7 mm"
(23% off),"9,999",4.2 out of 5 stars,"(314), , ","Nokia C21 Plus Android Smartphone, Dual SIM, 3-Day Battery Life, 4GB RAM + 64GB Storage, 13MP Dual Camera with HDR | Warm Grey"
(13% off),"2,599",3.9 out of 5 stars,"(14,399), , ",Nokia 150 (2020) (Black)
(27% off),"3,299",3.6 out of 5 stars,"(1,950), , ","Nokia 6310 Dual SIM Keypad Phone with a 2.8” Screen, Wireless FM Radio and Rear Camera with Flash | Black"
(19% off),"1,299",4.0 out of 5 stars,"(129,273), , ",Nokia 105 Single SIM (Pink)
(24% off),"1,599",3.8 out of 5 stars,"(16,235), , ",Nokia 110 TA-1434 DS in Charcoal
(20% off),"2,799",3.6 out of 5 stars,"(6,475), , ","Nokia 110 4G with Volte HD Calls, Up to 32GB External Memory, FM Radio (Wired & Wireless Dual Mode), Games, Torch | Aqua 110 DS-4G"
(31% off),"5,199",3.5 out of 5 stars,"(2,301), , ",Nokia 2.1 (Blue-Copper)
(24% off),"1,599",3.8 out of 5 stars,"(16,235), , ",Nokia 110 Dual SIM (Black)
(9% off),"1,449",4.0 out of 5 stars,"(129,273), , ","Nokia 105 Dual SIM, Keypad Mobile Phone with Wireless FM Radio | Blue"
(23% off),"1,699",3.8 out of 5 stars,"(16,235), , ","Nokia 110 4G Keypad Phone with Wireless FM Radio, Snake Game, Auto Call Recording | Rose Gold 110 DS"
(24% off),"1,449",4.0 out of 5 stars,"(129,273), , ",NOKIA 105 Plus TA-1456 DS in RED
(29% off),"3,749",3.5 out of 5 stars,"(1,750), , ","Nokia 8210 4G Volte keypad Phone with Dual SIM, Big Display, inbuilt MP3 Player & Wireless FM Radio | Red"
