discount,price,rating,sold,title
(26% off),"15,490",4.2 out of 5 stars,"(33,339), , ","OPPO A74 5G (Fantastic Purple,6GB RAM,128GB Storage) with No Cost EMI/Additional Exchange Offers"
(14% off),"18,999",4.0 out of 5 stars,"(2), , ","Oppo A78 5G (Glowing Black, 8GB RAM, 128 Storage) | 5000 mAh Battery with 33W SUPERVOOC Charger| 50MP AI Camera | 90Hz Refresh Rate | with No Cost EMI/Additional Exchange Offers"
(26% off),"15,490",4.2 out of 5 stars,"(33,339), , ","OPPO A74 5G (Fluid Black, 6GB RAM, 128GB Storage) with No Cost EMI/Additional Exchange Offers"
(14% off),"18,999",4.0 out of 5 stars,"(2), , ","Oppo A78 5G (Glowing Blue, 8GB RAM, 128 Storage) | 5000 mAh Battery with 33W SUPERVOOC Charger| 50MP AI Camera | 90Hz Refresh Rate | with No Cost EMI/Additional Exchange Offers"
(22% off),"12,490",4.2 out of 5 stars,"(58,746), , ","OPPO A31 (Mystery Black, 6GB RAM, 128GB Storage) with No Cost EMI/Additional Exchange Offers"
(25% off),"11,990",4.2 out of 5 stars,"(10,979), , ","Oppo A54 (Starry Blue, 4GB RAM, 128GB Storage) with No Cost EMI & Additional Exchange Offers"
(23% off),"11,490",4.2 out of 5 stars,"(10,222), , ","OPPO A15s (Fancy White, 4GB, 128GB Storage) AI Triple Camera | 6.52"" HD+ Screen | 2.3GHz Mediatek Helio P35 Octa Core Processor"
(27% off),"9,499",4.0 out of 5 stars,"(8), , ","Oppo A17k (Gold, 3GB RAM, 64GB Storage) with No Cost EMI/Additional Exchange Offers"
(19% off),"25,999",3.8 out of 5 stars,"(201), , ","Oppo F21s Pro 5G (Dawnlight Gold, 8GB RAM, 128 Storage) with No Cost EMI/Additional Exchange Offers"
(27% off),"9,499",4.0 out of 5 stars,"(8), , ","Oppo A17k (Navy Blue, 3GB RAM, 64GB Storage) with No Cost EMI/Additional Exchange Offers"
(19% off),"25,999",4.0 out of 5 stars,"(75), , ","Oppo F21s Pro 5G (Starlight Black, 8GB RAM, 128 Storage) with No Cost EMI/Additional Exchange Offers"
(38% off),"15,999",2.2 out of 5 stars,"(4), , ","(Renewed) OPPO K10 5G (Ocean Blue, 8GB RAM 128GB Storage)"
(21% off),"21,999",3.6 out of 5 stars,"(71), , ","Oppo F21s Pro (Starlight Black, 8GB RAM, 128 Storage) with No Cost EMI/Additional Exchange Offers"
(21% off),"21,999",4.0 out of 5 stars,"(140), , ","Oppo F21s Pro (Dawnlight Gold, 8GB RAM, 128 Storage) with No Cost EMI/Additional Exchange Offers"
(8% off),"29,499",4.1 out of 5 stars,"(72), , ","Oppo Reno8 5G (Shimmer Black, 128 GB) (8 GB RAM)"
(25% off),"7,499",3.6 out of 5 stars,"(113), , ","(Renewed) realme narzo 50i (Mint Green, 4GB RAM+64GB Storage) - 6.5"" inch Large Display | 5000mAh Battery Without Offers"
(50% off),"19,798",3.3 out of 5 stars,"(18), , ","(Renewed) OPPO F21 Pro 5G (Cosmic Black, 8GB RAM, 128 Storage) with No Cost EMI/Additional Exchange Offers"
(17% off),"12,499",3.7 out of 5 stars,"(20), , ","Oppo A17 (Midnight Black, 4GB RAM, 64GB Storage) with No Cost EMI/Additional Exchange Offers"
(26% off),"15,490",4.2 out of 5 stars,"(33,339), , ","OPPO A74 5G (Fantastic Purple,6GB RAM,128GB Storage) with No Cost EMI/Additional Exchange Offers"
(18% off),"13,999",3.0 out of 5 stars,(11),"Oppo A57 (Glowing Gold, 4GB RAM, 64 Storage) with No Cost EMI/Additional Exchange Offers"
(25% off),"20,999",4.1 out of 5 stars,"(2,056), , ","Oppo F21 Pro (Sunset Orange, 8GB RAM, 128 Storage) with No Cost EMI/Additional Exchange Offers"
(14% off),"18,999",4.0 out of 5 stars,"(2), , ","Oppo A78 5G (Glowing Black, 8GB RAM, 128 Storage) | 5000 mAh Battery with 33W SUPERVOOC Charger| 50MP AI Camera | 90Hz Refresh Rate | with No Cost EMI/Additional Exchange Offers"
(17% off),"12,499",3.7 out of 5 stars,"(20), , ","Oppo A17 (Sunlight Orange, 4GB RAM, 64GB Storage) with No Cost EMI/Additional Exchange Offers"
(26% off),"15,490",4.2 out of 5 stars,"(33,339), , ","OPPO A74 5G (Fluid Black, 6GB RAM, 128GB Storage) with No Cost EMI/Additional Exchange Offers"
(25% off),"7,449",3.6 out of 5 stars,"(113), , ","(Renewed) realme narzo 50i (Carbon Black, 4GB RAM+64GB Storage) - 6.5"" inch Large Display | 5000mAh Battery Without Offers"
(14% off),"18,999",4.0 out of 5 stars,"(2), , ","Oppo A78 5G (Glowing Blue, 8GB RAM, 128 Storage) | 5000 mAh Battery with 33W SUPERVOOC Charger| 50MP AI Camera | 90Hz Refresh Rate | with No Cost EMI/Additional Exchange Offers"
(18% off),"15,499",3.5 out of 5 stars,"(26), , ","Oppo A77 (Sky Blue, 4GB RAM, 64 Storage) with No Cost EMI/Additional Exchange Offers"
(21% off),"14,989",4.1 out of 5 stars,"(474), , ","OPPO K10 (Blue Flame, 6GB RAM 128GB Storage)"
(22% off),"12,490",4.2 out of 5 stars,"(58,746), , ","OPPO A31 (Mystery Black, 6GB RAM, 128GB Storage) with No Cost EMI/Additional Exchange Offers"
(22% off),"36,770",4.2 out of 5 stars,"(278), , ","Oppo Reno 6 Pro 5G (Aurora, 12GB RAM, 256GB Storage), Medium (CPH2249)"
(22% off),"17,999",3.7 out of 5 stars,"(18), , ","Oppo A77s (Sunset Orange, 8GB RAM, 128 Storage) with No Cost EMI/Additional Exchange Offers"
(25% off),"11,990",4.2 out of 5 stars,"(10,979), , ","Oppo A54 (Starry Blue, 4GB RAM, 128GB Storage) with No Cost EMI & Additional Exchange Offers"
(15% off),"34,999",4.1 out of 5 stars,"(352), , ","Oppo Reno7 Pro 5G (Starlight Black, 12 GBRAM, 256GB Storage)"
(18% off),"5,999",3.4 out of 5 stars,"(26), , ","(Renewed) realme narzo 50i (Mint Green, 2GB RAM+32GB Storage) - 6.5"" inch Large Display | 5000mAh Battery Without Offers"
(23% off),"11,490",4.2 out of 5 stars,"(10,222), , ","OPPO A15s (Fancy White, 4GB, 128GB Storage) AI Triple Camera | 6.52"" HD+ Screen | 2.3GHz Mediatek Helio P35 Octa Core Processor"
(16% off),"17,498",3.5 out of 5 stars,"(83), , ","(Renewed) OPPO F21 Pro (Sunset Orange, 8GB RAM, 128 Storage) with No Cost EMI/Additional Exchange Offers"
(27% off),"9,499",4.0 out of 5 stars,"(8), , ","Oppo A17k (Gold, 3GB RAM, 64GB Storage) with No Cost EMI/Additional Exchange Offers"
(6% off),"13,999",2.2 out of 5 stars,"(4), , ","(Renewed) OPPO K10 (Blue Flame, 6GB RAM 128GB Storage)"
(18% off),"13,999",4.0 out of 5 stars,"(160), , ","Oppo A57 (Glowing Black, 4GB RAM, 64 Storage) with No Cost EMI/Additional Exchange Offers"
(19% off),"25,999",3.8 out of 5 stars,"(201), , ","Oppo F21s Pro 5G (Dawnlight Gold, 8GB RAM, 128 Storage) with No Cost EMI/Additional Exchange Offers"
(24% off),"24,199",3.3 out of 5 stars,"(18), , ","(Renewed) OPPO F21 Pro 5G (Rainbow Spectrum, 8GB RAM, 128 Storage) with No Cost EMI/Additional Exchange Offers"
(18% off),"13,999",4.0 out of 5 stars,"(160), , ","Oppo A57 (Glowing Green, 4GB RAM, 64 Storage) with No Cost EMI/Additional Exchange Offers"
(27% off),"9,499",4.0 out of 5 stars,"(8), , ","Oppo A17k (Navy Blue, 3GB RAM, 64GB Storage) with No Cost EMI/Additional Exchange Offers"
(6% off),"14,990",4.3 out of 5 stars,"(23,470), , ","OPPO A5 2020 (Dazzling White, 4GB RAM, 64GB Storage) with No Cost EMI/Additional Exchange Offers"
(22% off),"17,999",3.7 out of 5 stars,"(18), , ","Oppo A77s (Starry Black, 8GB RAM, 128 Storage) with No Cost EMI/Additional Exchange Offers"
(19% off),"25,999",4.0 out of 5 stars,"(75), , ","Oppo F21s Pro 5G (Starlight Black, 8GB RAM, 128 Storage) with No Cost EMI/Additional Exchange Offers"
(21% off),"21,999",4.0 out of 5 stars,"(140), , ","Oppo F21s Pro (Dawnlight Gold, 8GB RAM, 128 Storage) with No Cost EMI/Additional Exchange Offers"
(21% off),"19,630",3.5 out of 5 stars,"(83), , ","(Renewed) OPPO F21 Pro (Cosmic Black, 8GB RAM, 128 Storage) with No Cost EMI/Additional Exchange Offers"
(25% off),"7,499",3.6 out of 5 stars,"(113), , ","(Renewed) realme narzo 50i (Mint Green, 4GB RAM+64GB Storage) - 6.5"" inch Large Display | 5000mAh Battery Without Offers"
(17% off),"12,499",3.7 out of 5 stars,"(20), , ","Oppo A17 (Midnight Black, 4GB RAM, 64GB Storage) with No Cost EMI/Additional Exchange Offers"
(25% off),"20,999",4.1 out of 5 stars,"(2,056), , ","Oppo F21 Pro (Sunset Orange, 8GB RAM, 128 Storage) with No Cost EMI/Additional Exchange Offers"
(17% off),"12,499",3.7 out of 5 stars,"(20), , ","Oppo A17 (Sunlight Orange, 4GB RAM, 64GB Storage) with No Cost EMI/Additional Exchange Offers"
(25% off),"7,449",3.6 out of 5 stars,"(113), , ","(Renewed) realme narzo 50i (Carbon Black, 4GB RAM+64GB Storage) - 6.5"" inch Large Display | 5000mAh Battery Without Offers"
(21% off),"14,989",4.1 out of 5 stars,"(474), , ","OPPO K10 (Blue Flame, 6GB RAM 128GB Storage)"
(22% off),"17,999",3.7 out of 5 stars,"(18), , ","Oppo A77s (Sunset Orange, 8GB RAM, 128 Storage) with No Cost EMI/Additional Exchange Offers"
(18% off),"5,999",3.4 out of 5 stars,"(26), , ","(Renewed) realme narzo 50i (Mint Green, 2GB RAM+32GB Storage) - 6.5"" inch Large Display | 5000mAh Battery Without Offers"
(18% off),"13,999",4.0 out of 5 stars,"(160), , ","Oppo A57 (Glowing Black, 4GB RAM, 64 Storage) with No Cost EMI/Additional Exchange Offers"
(18% off),"13,999",4.0 out of 5 stars,"(160), , ","Oppo A57 (Glowing Green, 4GB RAM, 64 Storage) with No Cost EMI/Additional Exchange Offers"
(22% off),"17,999",3.7 out of 5 stars,"(18), , ","Oppo A77s (Starry Black, 8GB RAM, 128 Storage) with No Cost EMI/Additional Exchange Offers"
