discount,price,rating,sold,title
(29% off),"12,799",4.1 out of 5 stars,"(114), , ","POCO M4 Pro (Cool Blue, 6GB RAM 64GB Storage)"
(30% off),"13,999",4.1 out of 5 stars,"(88), , ","POCO M4 Pro (Power Black, 6GB RAM 128GB Storage)"
(25% off),"14,999",3.9 out of 5 stars,"(57), , ","POCO M4 Pro 5G (Cool Blue, 6GB RAM 128GB Storage)"
(33% off),"13,499",4.1 out of 5 stars,"(88), , ","POCO M4 Pro (Cool Blue, 6GB RAM 128GB Storage)"
(33% off),"7,991",3.9 out of 5 stars,"(142), , ","POCO C31 (Shadow Gray, 64 GB) (4 GB RAM)"
(22% off),"12,490",3.3 out of 5 stars,"(47), , ","POCO M4 5G (Cool Blue, 4GB RAM 64GB RAM)"
(34% off),"7,977",3.8 out of 5 stars,"(293), , ","POCO C31 (Royal Blue, 64 GB) (4 GB RAM)"
(25% off),"17,999",3.7 out of 5 stars,"(112), , ","POCO X4 Pro 5G (Laser Black, 6GB RAM 128GB Storage)"
(22% off),"13,299",4.2 out of 5 stars,"(100), , ","POCO M4 Pro 5G (Cool Blue, 4GB RAM 64GB Storage) Dual Sim 5G 50MP Dual Camera Setup 6.6 Inch FHD+ 90 Hz Display 5000 mAh Heavy Battery"
(25% off),"17,999",3.9 out of 5 stars,"(125), , ","POCO X4 Pro 5G (Laser Blue, 6GB RAM 128GB Storage)"
(24% off),"12,098",3.3 out of 5 stars,"(47), , ","POCO M4 5G (Power Black, 4GB RAM 64GB RAM)"
(19% off),"15,899",2.5 out of 5 stars,"(25), , ","(Renewed) Poco X3 Pro (Steel Blue, 6GB RAM, 128GB Storage)"
(35% off),"12,999",5.0 out of 5 stars,"(2), , ","POCO X3 (Cobalt Blue, 6GB RAM, 64GB Storage)"
(8% off),"23,900",5.0 out of 5 stars,"(2), , ","Poco X3 Pro(Graphite Black, 8GB RAM, 128GB Storage)"
(20% off),"11,799",3.5 out of 5 stars,"(466), , ","(Renewed) MI Poco M2 Pro (Two Shades of Black, 6GB RAM, 64GB Storage)"
(33% off),"10,799",3.5 out of 5 stars,(10),"POCO M5 (Power Black, 64 GB) (4 GB RAM)"
(27% off),"12,400",3.4 out of 5 stars,"(54), , ","MI Poco M2 Pro (Green and Greener, 4GB RAM, 64GB Storage)"
(15% off),"14,399",4.2 out of 5 stars,(100),"POCO M4 Pro 5G (Power Black, 4GB RAM 64GB Storage)"
(29% off),"11,900",3.4 out of 5 stars,"(297), , ","(Renewed) Poco X3 (Cobalt Blue, 6GB RAM / 64GB Storage)"
(15% off),"10,999",3.9 out of 5 stars,"(179), , ","POCO M3 (Power Black, 6GB RAM, 64GB Storage)"
(29% off),"12,799",4.1 out of 5 stars,"(16), , ","POCO M4 Pro (Yellow, 64 GB) (6 GB RAM)"
(29% off),"12,799",4.1 out of 5 stars,"(114), , ","POCO M4 Pro (Cool Blue, 6GB RAM 64GB Storage)"
(18% off),"13,990",4.2 out of 5 stars,"(100), , ","POCO M4 Pro 5G (Yellow, 4GB RAM 64GB Storage)"
(17% off),"9,999",4.1 out of 5 stars,"(97), , ","POCO M2 Reloaded (Greyish Black, 64 GB) (4 GB RAM)"
(30% off),"13,999",4.1 out of 5 stars,"(88), , ","POCO M4 Pro (Power Black, 6GB RAM 128GB Storage)"
(33% off),"10,799",5.0 out of 5 stars,"(1), , ","POCO M5 (ICY Blue, 64 GB) (4 GB RAM)"
(19% off),"16,129",3.9 out of 5 stars,"(57), , ","POCO M4 Pro 5G (Yellow, 6GB RAM 128GB Storage)"
(25% off),"14,999",3.9 out of 5 stars,"(57), , ","POCO M4 Pro 5G (Cool Blue, 6GB RAM 128GB Storage)"
(18% off),"5,999",4.0 out of 5 stars,"(1), , ","(Renewed) Poco C31 (Shadow Gray, 32 GB) (3 GB RAM)"
(33% off),"13,499",4.1 out of 5 stars,"(88), , ","POCO M4 Pro (Cool Blue, 6GB RAM 128GB Storage)"
"(17% off),(18% off)","19,800,19,760",4.2 out of 5 stars,"(331), , ,Another way to buy, , ","Poco X3 Pro(Steel Blue, 6GB RAM, 128GB Storage)"
(6% off),"6,990",2.0 out of 5 stars,"(1), , ","(Renewed) POCO C31 (Royal Blue, 32 GB) (3 GB RAM)"
(33% off),"7,991",3.9 out of 5 stars,"(142), , ","POCO C31 (Shadow Gray, 64 GB) (4 GB RAM)"
(21% off),"9,499",3.9 out of 5 stars,"(91), , ","POCO M2 Reloaded (Mostly Blue, 64 GB) (4 GB RAM)"
(22% off),"16,999",3.4 out of 5 stars,"(297), , ","(Renewed) Poco X3 (Cobalt Blue, 8GB RAM, 128GB Storage)"
(22% off),"12,490",3.3 out of 5 stars,"(47), , ","POCO M4 5G (Cool Blue, 4GB RAM 64GB RAM)"
(23% off),"9,935",3.2 out of 5 stars,"(160), , ","(Renewed) POCO M3 (Cool Blue, 6GB RAM, 64GB Storage)"
(17% off),"18,199",3.1 out of 5 stars,"(11), , ","(Renewed) Poco X3 Pro (Graphite Black, 8GB RAM, 128 GB)"
(34% off),"7,977",3.8 out of 5 stars,"(293), , ","POCO C31 (Royal Blue, 64 GB) (4 GB RAM)"
(25% off),"8,949",3.8 out of 5 stars,"(7), , ","(Renewed) Poco C31 (Royal Blue, 64 GB) (4 GB RAM)"
(25% off),"17,999",3.7 out of 5 stars,"(112), , ","POCO X4 Pro 5G (Laser Black, 6GB RAM 128GB Storage)"
(20% off),"11,999",3.2 out of 5 stars,"(160), , ","(Renewed) POCO M3 (Cool Blue, 6GB RAM,128GB Storage)"
(22% off),"13,299",4.2 out of 5 stars,"(100), , ","POCO M4 Pro 5G (Cool Blue, 4GB RAM 64GB Storage) Dual Sim 5G 50MP Dual Camera Setup 6.6 Inch FHD+ 90 Hz Display 5000 mAh Heavy Battery"
(25% off),"17,999",3.9 out of 5 stars,"(125), , ","POCO X4 Pro 5G (Laser Blue, 6GB RAM 128GB Storage)"
(12% off),"21,999",4.2 out of 5 stars,"(148), , ","Poco X3 Pro(Graphite Black, 6GB RAM, 128GB Storage)"
(24% off),"12,098",3.3 out of 5 stars,"(47), , ","POCO M4 5G (Power Black, 4GB RAM 64GB RAM)"
(18% off),"13,799",3.4 out of 5 stars,"(297), , ","(Renewed) Poco X3 (Cobalt Blue, 6GB RAM / 128GB Storage)"
(35% off),"12,999",5.0 out of 5 stars,"(2), , ","POCO X3 (Cobalt Blue, 6GB RAM, 64GB Storage)"
(45% off),"11,999",3.2 out of 5 stars,"(54), , ","(Renewed) POCO F1 (6GB/128GB, Rosso RED)"
(33% off),"10,799",3.5 out of 5 stars,"(10), , ","POCO M5 (Power Black, 64 GB) (4 GB RAM)"
(12% off),"13,999",3.6 out of 5 stars,"(20), , ","(Renewed) Poco M3 Pro 5G (Cool Blue, 4GB RAM, 64GB Storage)"
(15% off),"14,399",4.2 out of 5 stars,"(100), , ","POCO M4 Pro 5G (Power Black, 4GB RAM 64GB Storage)"
(13% off),"8,249",1.0 out of 5 stars,"(2), , ","(Renewed) POCO M2 Reloaded (Mostly Blue, 64 GB) (4 GB RAM)"
(15% off),"10,999",3.9 out of 5 stars,"(179), , ","POCO M3 (Power Black, 6GB RAM, 64GB Storage)"
(20% off),"9,500",1.7 out of 5 stars,"(3), , ","POCO (RENEWED) M3 (Power Black, 64 GB) (4 GB RAM)"
(29% off),"12,799",4.1 out of 5 stars,"(16), , ","POCO M4 Pro (Yellow, 64 GB) (6 GB RAM)"
(18% off),"13,990",4.2 out of 5 stars,"(100), , ","POCO M4 Pro 5G (Yellow, 4GB RAM 64GB Storage)"
(33% off),"10,799",5.0 out of 5 stars,"(1), , ","POCO M5 (ICY Blue, 64 GB) (4 GB RAM)"
"(17% off),(18% off)","19,800,19,760",4.2 out of 5 stars,"(331), , ,Another way to buy, , ","Poco X3 Pro(Steel Blue, 6GB RAM, 128GB Storage)"
(21% off),"9,499",3.9 out of 5 stars,"(91), , ","POCO M2 Reloaded (Mostly Blue, 64 GB) (4 GB RAM)"
(23% off),"9,935",3.2 out of 5 stars,"(160), , ","(Renewed) POCO M3 (Cool Blue, 6GB RAM, 64GB Storage)"
(25% off),"8,949",3.8 out of 5 stars,"(7), , ","(Renewed) Poco C31 (Royal Blue, 64 GB) (4 GB RAM)"
