discount,price,rating,sold,title
(5% off),"18,999",4.3 out of 5 stars,"(108,549), , ","OnePlus Nord CE 2 Lite 5G (Blue Tide, 6GB RAM, 128GB Storage)"
(15% off),"32,999",4.2 out of 5 stars,"(11,429), , ","OnePlus 10R 5G (Forest Green, 8GB RAM, 128GB Storage, 80W SuperVOOC)"
(15% off),"32,999",4.2 out of 5 stars,"(11,429), , ","OnePlus 10R 5G (Sierra Black, 8GB RAM, 128GB Storage, 80W SuperVOOC)"
(7% off),"66,999",4.2 out of 5 stars,"(5,499), , ","OnePlus 10 Pro 5G (Emerald Forest, 12GB RAM, 256GB Storage)"
(7% off),"66,999",4.2 out of 5 stars,"(5,499), , ","OnePlus 10 Pro 5G (Volcanic Black, 12GB RAM, 256GB Storage)"
(7% off),"61,999",4.2 out of 5 stars,"(5,499), , ","OnePlus 10 Pro 5G (Emerald Forest, 8GB RAM, 128GB Storage)"
(7% off),"61,999",4.2 out of 5 stars,"(5,499), , ","OnePlus 10 Pro 5G (Volcanic Black, 8GB RAM, 128GB Storage)"
(70% off),"12,499",4.1 out of 5 stars,"(25), , ","(Renewed) OnePlus 6 (Midnight Black, 6GB RAM, 64GB Storage)"
(34% off),"16,299",3.5 out of 5 stars,"(570), , ","(Renewed) OnePlus 6T (Mirror Black, 6GB RAM, 128GB Storage)"
(26% off),"25,899",5.0 out of 5 stars,"(1), , ","(Renewed) OnePlus Nord 2 5G Gray Sierra, 8GB RAM, 128GB Storage"
(75% off),"9,990",3.2 out of 5 stars,"(480), , ","(Renewed) OnePlus 5 (Slate Grey, 6GB RAM, 64GB Storage)"
(60% off),"18,499",3.5 out of 5 stars,"(570), , ","(Renewed) OnePlus 6T (Midnight Black, 8GB RAM, 128GB Storage)"
(18% off),"22,899",1.0 out of 5 stars,"(3), , ","(Renewed) OnePlus Nord 5G Gray Onyx, 8GB RAM, 128GB Storage"
(62% off),"15,999",3.4 out of 5 stars,"(122), , ",(Renewed) OnePlus 6 (Mirror Black 8 GB RAM +128GB)
(67% off),"12,999",3.2 out of 5 stars,"(480), , ","(Renewed) OnePlus 5 (Slate Grey, 128GB)"
(67% off),"12,999",3.2 out of 5 stars,"(480), , ","(Renewed) OnePlus 5 (Midnight Black, 128GB)"
(42% off),"16,199",3.5 out of 5 stars,"(570), , ","(Renewed) OnePlus 6T (Mirror Black, 8GB RAM, 128GB Storage)"
(73% off),"9,799",2.7 out of 5 stars,"(8), , ","(Renewed) OnePlus 5 (Midnight Black, 6GB RAM, 64GB Storage)"
(42% off),"15,499",3.1 out of 5 stars,"(210), , ","(Renewed) OnePlus 6 (Mirror Black, 8GB RAM, 128GB Storage)"
(67% off),"11,299",3.0 out of 5 stars,"(565), , ","(Renewed) OnePlus 5T (Midnight Black, 64GB)"
(67% off),"10,799",3.0 out of 5 stars,"(565), , ","(Renewed) OnePlus 5T (Midnight Black, 6GB RAM, 64GB Storage)"
(39% off),"13,299",3.0 out of 5 stars,"(565), , ","(Renewed) OnePlus 5T (Midnight Black, 128GB)"
(5% off),"18,999",4.3 out of 5 stars,"(108,549)","OnePlus Nord CE 2 Lite 5G (Blue Tide, 6GB RAM, 128GB Storage)"
(13% off),"21,500",3.4 out of 5 stars,"(587), , ","(Renewed) OnePlus Nord CE 5G (Blue Void, 8GB RAM, 128GB Storage)"
(15% off),"32,999",4.2 out of 5 stars,"(11,429), , ","OnePlus 10R 5G (Forest Green, 8GB RAM, 128GB Storage, 80W SuperVOOC)"
(15% off),"32,999",4.2 out of 5 stars,"(11,429), , ","OnePlus 10R 5G (Sierra Black, 8GB RAM, 128GB Storage, 80W SuperVOOC)"
(20% off),"27,999",4.6 out of 5 stars,"(5,513), , ","OnePlus 6 (Midnight Black, 8GB RAM, 128GB Storage)"
(7% off),"66,999",4.2 out of 5 stars,"(5,499), , ","OnePlus 10 Pro 5G (Emerald Forest, 12GB RAM, 256GB Storage)"
(7% off),"66,999",4.2 out of 5 stars,"(5,499), , ","OnePlus 10 Pro 5G (Volcanic Black, 12GB RAM, 256GB Storage)"
(31% off),"30,999",3.2 out of 5 stars,"(101), , ","(Renewed) OnePlus 8T 5G (Lunar Silver, 12GB RAM, 256GB Storage)"
(7% off),"61,999",4.2 out of 5 stars,"(5,499), , ","OnePlus 10 Pro 5G (Emerald Forest, 8GB RAM, 128GB Storage)"
(7% off),"61,999",4.2 out of 5 stars,"(5,499), , ","OnePlus 10 Pro 5G (Volcanic Black, 8GB RAM, 128GB Storage)"
(70% off),"12,499",4.1 out of 5 stars,"(25), , ","(Renewed) OnePlus 6 (Midnight Black, 6GB RAM, 64GB Storage)"
(26% off),"25,899",5.0 out of 5 stars,"(1), , ","(Renewed) OnePlus Nord 2 5G Gray Sierra, 8GB RAM, 128GB Storage"
(75% off),"9,990",3.2 out of 5 stars,"(480), , ","(Renewed) OnePlus 5 (Slate Grey, 6GB RAM, 64GB Storage)"
(18% off),"22,899",1.0 out of 5 stars,"(3), , ","(Renewed) OnePlus Nord 5G Gray Onyx, 8GB RAM, 128GB Storage"
(62% off),"15,999",3.4 out of 5 stars,"(122), , ",(Renewed) OnePlus 6 (Mirror Black 8 GB RAM +128GB)
(67% off),"12,999",3.2 out of 5 stars,"(480), , ","(Renewed) OnePlus 5 (Midnight Black, 128GB)"
(42% off),"16,199",3.5 out of 5 stars,"(570), , ","(Renewed) OnePlus 6T (Mirror Black, 8GB RAM, 128GB Storage)"
(42% off),"15,499",3.1 out of 5 stars,"(210), , ","(Renewed) OnePlus 6 (Mirror Black, 8GB RAM, 128GB Storage)"
