discount,price,rating,sold,title
(33% off),"17,499",4.1 out of 5 stars,"(23,094), , ","Samsung Galaxy M33 5G (Deep Ocean Blue, 8GB, 128GB Storage) | 6000mAh Battery | Upto 16GB RAM with RAM Plus | Travel Adapter to be Purchased Separately"
(26% off),"8,499",4.0 out of 5 stars,"(551), , ","Samsung Galaxy M04 Dark Blue, 4GB RAM, 64GB Storage | Upto 8GB RAM with RAM Plus | MediaTek Helio P35 | 5000 mAh Battery"
(29% off),"8,499",4.0 out of 5 stars,(551),"Samsung Galaxy M04 Light Green, 4GB RAM, 64GB Storage | Upto 8GB RAM with RAM Plus | MediaTek Helio P35 | 5000 mAh Battery"
(33% off),"17,499",4.1 out of 5 stars,"(23,094), , ","Samsung Galaxy M33 5G (Mystique Green, 8GB, 128GB Storage) | 6000mAh Battery | Upto 16GB RAM with RAM Plus | Travel Adapter to be Purchased Separately"
(27% off),"10,999",4.1 out of 5 stars,"(20,266), , ","Samsung Galaxy M13 (Midnight Blue, 4GB, 64GB Storage) | 6000mAh Battery | Upto 8GB RAM with RAM Plus"
(27% off),"10,999",4.1 out of 5 stars,"(20,266), , ","Samsung Galaxy M13 (Aqua Green, 4GB, 64GB Storage) | 6000mAh Battery | Upto 8GB RAM with RAM Plus"
(30% off),"9,499",4.0 out of 5 stars,"(551), , ","Samsung Galaxy M04 Dark Blue, 4GB RAM, 128GB Storage | Upto 8GB RAM with RAM Plus | MediaTek Helio P35 | 5000 mAh Battery"
(19% off),"20,999",4.1 out of 5 stars,"(32,416), , ","Samsung Galaxy M32 5G (Slate Black, 8GB RAM, 128GB Storage) | Dimensity 720 Processor | 5000mAh Battery| Knox Security"
(53% off),"34,990",4.2 out of 5 stars,"(28,327), , ","Samsung Galaxy S20 FE 5G (Cloud Navy, 8GB RAM, 128GB Storage) with No Cost EMI & Additional Exchange Offers"
(17% off),"2,074",4.1 out of 5 stars,"(70,254), , ","Samsung Guru Music 2 315 (GT-B315, White) (SM-B315EZWDINS)"
(18% off),"13,999",4.1 out of 5 stars,"(20,266), , ","Samsung Galaxy M13 5G (Midnight Blue, 4GB, 64GB Storage) | 5000mAh Battery | Upto 8GB RAM with RAM Plus"
(33% off),"57,998",4.3 out of 5 stars,"(1,250)","Samsung Galaxy S22 5G (Phantom White, 8GB RAM, 128GB Storage) with No Cost EMI/Additional Exchange Offers"
(26% off),"25,999",3.9 out of 5 stars,"(9,143), , ","Samsung Galaxy M53 5G (Emerald Brown, 8GB, 128GB Storage) | 108MP | sAmoled+ 120Hz | 16GB RAM with RAM Plus | Travel Adapter to be Purchased Separately"
(18% off),"13,999",4.1 out of 5 stars,"(20,266), , ","Samsung Galaxy M13 5G (Aqua Green, 4GB, 64GB Storage) | 5000mAh Battery | Upto 8GB RAM with RAM Plus"
(11% off),"16,499",4.0 out of 5 stars,"(6), , ","Samsung Galaxy A14 5G (Dark Red, 4GB, 64GB Storage) | Triple Rear Camera (50 MP Main) | Upto 8 GB RAM with RAM Plus | Travel Adapter to be Purchased Separately"
(53% off),"34,990",4.2 out of 5 stars,"(28,327), , ","Samsung Galaxy S20 FE 5G (Cloud Mint, 8GB RAM, 128GB Storage)"
(21% off),"16,499",4.0 out of 5 stars,"(876), , ","Samsung Galaxy A13 Blue, 6GB RAM, 128GB Storage with No Cost EMI/Additional Exchange Offers, (SM-A135FLBJINS)"
(27% off),"10,999",4.1 out of 5 stars,"(20,266), , ","Samsung Galaxy M13 (Stardust Brown, 4GB, 64GB Storage) | 6000mAh Battery | Upto 8GB RAM with RAM Plus"
(27% off),"23,999",3.9 out of 5 stars,"(9,143), , ","Samsung Galaxy M53 5G (Emerald Brown, 6GB, 128GB Storage) | 108MP | sAmoled+ 120Hz | 12GB RAM with RAM Plus | Travel Adapter to be Purchased Separately"
(33% off),"17,499",4.1 out of 5 stars,"(23,094), , ","Samsung Galaxy M33 5G (Deep Ocean Blue, 8GB, 128GB Storage) | 6000mAh Battery | Upto 16GB RAM with RAM Plus | Travel Adapter to be Purchased Separately"
(9% off),"20,999",4.0 out of 5 stars,"(6), , ","Samsung Galaxy A14 5G (Black, 8GB, 128GB Storage) | Triple Rear Camera (50 MP Main) | Upto 16 GB RAM with RAM Plus | Travel Adapter to be Purchased Separately"
(26% off),"25,999",3.9 out of 5 stars,"(9,143), , ","Samsung Galaxy M53 5G (Deep Ocean Blue, 8GB, 128GB Storage) | 108MP | sAmoled+ 120Hz | 16GB RAM with RAM Plus | Travel Adapter to be Purchased Separately"
(26% off),"8,499",4.0 out of 5 stars,"(551), , ","Samsung Galaxy M04 Dark Blue, 4GB RAM, 64GB Storage | Upto 8GB RAM with RAM Plus | MediaTek Helio P35 | 5000 mAh Battery"
(33% off),"57,998",4.3 out of 5 stars,"(1,250), , ","Samsung Galaxy S22 5G (Green, 8GB, 128GB Storage) with No Cost EMI/Additional Exchange Offers"
(17% off),"2,074",4.1 out of 5 stars,"(70,254), , ","Samsung Guru Music 2 315 (GT-B315, Black) (SM-B315EZKDINS)"
(29% off),"8,499",4.0 out of 5 stars,"(551), , ","Samsung Galaxy M04 Light Green, 4GB RAM, 64GB Storage | Upto 8GB RAM with RAM Plus | MediaTek Helio P35 | 5000 mAh Battery"
(53% off),"34,990",4.2 out of 5 stars,"(28,327), , ","Samsung Galaxy S20 FE 5G (Cloud Lavender, 8GB RAM, 128GB Storage) with No Cost EMI & Additional Exchange Offers"
(17% off),"2,074",4.1 out of 5 stars,"(70,254), , ","Samsung Guru Music 2 315 (GT-B315, Blue) (SM-B315EZBDINS)"
(33% off),"17,499",4.1 out of 5 stars,"(23,094), , ","Samsung Galaxy M33 5G (Mystique Green, 8GB, 128GB Storage) | 6000mAh Battery | Upto 16GB RAM with RAM Plus | Travel Adapter to be Purchased Separately"
(27% off),"10,999",4.1 out of 5 stars,"(20,266), , ","Samsung Galaxy M13 (Midnight Blue, 4GB, 64GB Storage) | 6000mAh Battery | Upto 8GB RAM with RAM Plus"
(26% off),"25,999",3.9 out of 5 stars,"(9,143), , ","Samsung Galaxy M53 5G (Mystique Green, 8GB, 128GB Storage) | 108MP | sAmoled+ 120Hz | 16GB RAM with RAM Plus | Travel Adapter to be Purchased Separately"
(21% off),"22,999",3.3 out of 5 stars,"(3), , ","Samsung Galaxy A23 5G (Light Blue, 6GB, 128GB Storage) | 50 MP No Shake Cam(OIS) | Upto 12 GB RAM with RAM Plus"
(27% off),"10,999",4.1 out of 5 stars,"(20,266), , ","Samsung Galaxy M13 (Aqua Green, 4GB, 64GB Storage) | 6000mAh Battery | Upto 8GB RAM with RAM Plus"
(18% off),"13,999",4.1 out of 5 stars,"(20,266), , ","Samsung Galaxy M13 5G (Stardust Brown, 4GB, 64GB Storage) | 5000mAh Battery | Upto 8GB RAM with RAM Plus"
(19% off),"27,499",3.9 out of 5 stars,"(96), , ","Samsung Galaxy A33 5G (Awesome Black, 8GB, 128GB Storage) | 48 MP No Shake Cam | Voice Focus | Upto 16 GB RAM with RAM Plus | Travel Adapter to be Purchased Separately"
(20% off),"1,685",4.1 out of 5 stars,"(70,254), , ","Samsung Guru 1215 (GT-E1215, Black)"
(11% off),"16,499",4.0 out of 5 stars,"(6), , ","Samsung Galaxy A14 5G (Light Green, 4GB, 64GB Storage) | Triple Rear Camera (50 MP Main) | Upto 8 GB RAM with RAM Plus | Travel Adapter to be Purchased Separately"
(30% off),"9,499",4.0 out of 5 stars,"(551), , ","Samsung Galaxy M04 Dark Blue, 4GB RAM, 128GB Storage | Upto 8GB RAM with RAM Plus | MediaTek Helio P35 | 5000 mAh Battery"
(17% off),"2,074",3.8 out of 5 stars,"(597), , ",SAMSUNG GURU MUSIC2 (SM315) (SM-315) (Gold)
(23% off),"18,499",4.0 out of 5 stars,"(701), , ","Samsung Galaxy A23 Blue, 6GB RAM, 128GB Storage with No Cost EMI/Additional Exchange Offers"
(22% off),"14,499",4.0 out of 5 stars,"(876), , ","Samsung Galaxy A13 Blue, 4GB RAM, 64GB Storage with No Cost EMI/Additional Exchange Offers, (SM-A135FLBGINS)"
(53% off),"34,990",4.2 out of 5 stars,"(28,327), , ","Samsung Galaxy S20 FE 5G (Cloud Navy, 8GB RAM, 128GB Storage) with No Cost EMI & Additional Exchange Offers"
(21% off),"16,499",4.0 out of 5 stars,"(876), , ","Samsung Galaxy A13 Black, 6GB RAM, 128GB Storage with No Cost EMI/Additional Exchange Offers, (SM-A135FZKJINS)"
(18% off),"13,999",4.1 out of 5 stars,"(20,266), , ","Samsung Galaxy M13 5G (Midnight Blue, 4GB, 64GB Storage) | 5000mAh Battery | Upto 8GB RAM with RAM Plus"
(19% off),"24,999",3.3 out of 5 stars,"(3), , ","Samsung Galaxy A23 5G (Light Blue, 8GB, 128GB Storage) | 50 MP No Shake Cam(OIS) | Upto 16 GB RAM with RAM Plus"
(34% off),"6,900",3.8 out of 5 stars,"(10), , ","Samsung Galaxy A03 Core (Copper Bronze, 2GB RAM, 32GB Storage)"
(18% off),"13,999",4.1 out of 5 stars,"(20,266), , ","Samsung Galaxy M13 5G (Aqua Green, 4GB, 64GB Storage) | 5000mAh Battery | Upto 8GB RAM with RAM Plus"
(53% off),"34,990",4.2 out of 5 stars,"(28,327), , ","Samsung Galaxy S20 FE 5G (Cloud Mint, 8GB RAM, 128GB Storage)"
(32% off),"23,497",3.8 out of 5 stars,"(782), , ","(Renewed) Samsung Galaxy S20 FE 5G (Cloud Mint, 8GB RAM, 128GB Storage)"
(27% off),"10,999",4.1 out of 5 stars,"(20,266), , ","Samsung Galaxy M13 (Stardust Brown, 4GB, 64GB Storage) | 6000mAh Battery | Upto 8GB RAM with RAM Plus"
(21% off),"22,999",3.3 out of 5 stars,"(3), , ","Samsung Galaxy A23 5G (Orange, 6GB, 128GB Storage) | 50 MP No Shake Cam(OIS) | Upto 12 GB RAM with RAM Plus"
(21% off),"25,999",3.8 out of 5 stars,"(240), , ","Samsung Galaxy A33 5G (Light Blue, 6GB RAM, 128GB Storage) | 48 MP No Shake Cam | Voice Focus | 12 GB RAM with RAM Plus | Travel Adapter to be Purchased Separately"
(26% off),"25,999",3.9 out of 5 stars,"(9,143), , ","Samsung Galaxy M53 5G (Deep Ocean Blue, 8GB, 128GB Storage) | 108MP | sAmoled+ 120Hz | 16GB RAM with RAM Plus | Travel Adapter to be Purchased Separately"
(25% off),"14,999",4.0 out of 5 stars,"(876), , ","Samsung Galaxy A13 Blue, 4GB RAM, 128GB Storage with No Cost EMI/Additional Exchange Offers, (SM-A135FLBHINS)"
(17% off),"2,074",4.1 out of 5 stars,"(70,254), , ","Samsung Guru Music 2 315 (GT-B315, Black) (SM-B315EZKDINS)"
(53% off),"34,990",4.2 out of 5 stars,"(28,327), , ","Samsung Galaxy S20 FE 5G (Cloud Lavender, 8GB RAM, 128GB Storage) with No Cost EMI & Additional Exchange Offers"
(26% off),"25,999",3.9 out of 5 stars,"(9,143), , ","Samsung Galaxy M53 5G (Mystique Green, 8GB, 128GB Storage) | 108MP | sAmoled+ 120Hz | 16GB RAM with RAM Plus | Travel Adapter to be Purchased Separately"
(18% off),"13,999",4.1 out of 5 stars,"(20,266), , ","Samsung Galaxy M13 5G (Stardust Brown, 4GB, 64GB Storage) | 5000mAh Battery | Upto 8GB RAM with RAM Plus"
(20% off),"1,685",4.1 out of 5 stars,"(70,254), , ","Samsung Guru 1215 (GT-E1215, Black)"
(17% off),"2,074",3.8 out of 5 stars,"(597), , ",SAMSUNG GURU MUSIC2 (SM315) (SM-315) (Gold)
