discount,price,rating,sold,title
(37% off),"11,999",4.1 out of 5 stars,"(700), , ","Redmi 10 Power (Power Black, 8GB RAM, 128GB Storage)"
(37% off),"11,999",4.1 out of 5 stars,"(700), , ","Redmi 10 Power (Sporty Orange, 8GB RAM, 128GB Storage)"
(24% off),"25,999",4.0 out of 5 stars,"(24,870), , ",Xiaomi 11 Lite NE 5G (Jazz Blue 8GB RAM 128 GB Storage) | Slimmest (6.81mm) & Lightest (158g) 5G Smartphone | 10-bit AMOLED with Dolby Vision | SD 778 with 12 5G Bands
(24% off),"25,999",4.0 out of 5 stars,"(24,870)",Xiaomi 11 Lite NE 5G (Vinyl Black 8GB RAM 128 GB Storage) | Slimmest (6.81mm) & Lightest (158g) 5G Smartphone | 10-bit AMOLED with Dolby Vision | SD 778 with 12 5G Bands
(13% off),"12,999",4.1 out of 5 stars,"(64,599), , ",Redmi 10 Prime (Astral White 4GB RAM 64GB ROM |Helio G88 with extendable RAM Upto 2GB |FHD+ 90Hz Adaptive Sync Display)
(30% off),"55,999",4.0 out of 5 stars,"(2,922), , ","Xiaomi 12 Pro | 5G (Opera Muave, 8GB RAM, 256GB Storage) | Snapdragon 8 Gen 1 | 50+50+50MP Flagship Cameras (OIS) | 10bit 2K+ Curved AMOLED Display | Sound by Harman Kardon"
(30% off),"55,999",4.0 out of 5 stars,"(2,922), , ","Xiaomi 12 Pro | 5G (Couture Blue, 8GB RAM, 256GB Storage) | Snapdragon 8 Gen 1 | 50+50+50MP Flagship Cameras (OIS) | 10bit 2K+ Curved AMOLED Display | Sound by Harman Kardon"
(25% off),"40,999",4.1 out of 5 stars,"(5,880), , ","Xiaomi 11T Pro 5G Hyperphone (Meteorite Black, 12GB RAM, 256GB Storage)|SD 888|120W HyperCharge|Segment's only Phone with Dolby Vision+Dolby Atmos"
(29% off),"59,999",4.0 out of 5 stars,"(2,922), , ","Xiaomi 12 Pro | 5G (Noir Black, 12GB RAM, 256GB Storage) | Snapdragon 8 Gen 1 | 50+50+50MP Flagship Cameras (OIS) | 10bit 2K+ Curved AMOLED Display | Sound by Harman Kardon"
(28% off),"37,999",4.1 out of 5 stars,"(5,880), , ","Xiaomi 11T Pro 5G Hyperphone (Celestial Magic, 8GB RAM, 256GB Storage) |SD 888|120W HyperCharge|Segment's only Phone with Dolby Vision+Dolby Atmos"
(29% off),"59,999",4.0 out of 5 stars,"(2,922), , ","Xiaomi 12 Pro | 5G (Couture Blue, 12GB RAM, 256GB Storage)| Snapdragon 8 Gen 1 | 50+50+50MP Flagship Cameras (OIS) | 10bit 2K+ Curved AMOLED Display | Sound by Harman Kardon"
(16% off),"26,999",4.0 out of 5 stars,"(24,870), , ",Xiaomi 11 Lite NE 5G (Jazz Blue 6GB RAM 128 GB Storage) | Slimmest (6.81mm) & Lightest (158g) 5G Smartphone | 10-bit AMOLED with Dolby Vision | SD 778 with 12 5G Bands
(13% off),"12,999",4.1 out of 5 stars,"(64,599), , ","Redmi 10 Prime 2022 (Astral White, 4GB RAM, 64GB Storage) |Helio G88 with extendable RAM Upto 2GB |FHD+ 90Hz Adaptive Sync Display |50 MP Quad Camera"
(29% off),"59,999",4.0 out of 5 stars,"(2,922), , ","Xiaomi 12 Pro | 5G (Opera Muave, 12GB RAM, 256GB Storage)| Snapdragon 8 Gen 1 | 50+50+50MP Flagship Cameras (OIS) | 10bit 2K+ Curved AMOLED Display | Sound by Harman Kardon"
(25% off),"40,999",4.1 out of 5 stars,"(5,880), , ","Xiaomi 11T Pro 5G Hyperphone (Moonlight White, 12GB RAM, 256GB Storage)|SD 888|120W HyperCharge|Segment's only Phone with Dolby Vision+Dolby Atmos"
(37% off),"18,899",3.9 out of 5 stars,"(47), , ","(Renewed) Mi 10T 5G (Cosmic Black, 6GB RAM, 128GB Storage)"
(18% off),"8,999",3.4 out of 5 stars,"(25), , ","(Renewed) Redmi 9 (Sky Blue, 4GB RAM, 64GB Storage) | 3 Months No Cost EMI on BFL"
(26% off),"36,999",4.1 out of 5 stars,"(5,880), , ","Xiaomi 11T Pro 5G Hyperphone (Meteorite Black, 8GB RAM, 128GB Storage)|SD 888|120W HyperCharge|Segment's only Phone with Dolby Vision+Dolby Atmos"
(56% off),"18,799",4.0 out of 5 stars,"(70), , ","(Renewed) Mi 10T 5G (Cosmic Black, 8GB RAM, 128GB Storage)"
(22% off),"24,880",3.9 out of 5 stars,"(314), , ","Xiaomi 11i 5G (Stealth Black, 8GB RAM, 128GB Storage),Medium"
(22% off),"24,880",4.3 out of 5 stars,"(40), , ","Xiaomi 11i 5G (Purple Mist, 8GB RAM, 128GB Storage)"
(28% off),"18,699",3.9 out of 5 stars,"(192), , ","Xiaomi 11 Lite (Vinyl Black, 8GB RAM, 128GB Storage)"
(28% off),"37,999",4.1 out of 5 stars,"(5,880), , ","Xiaomi 11T Pro 5G Hyperphone (Meteorite Black, 8GB RAM, 256GB Storage) |SD 888|120W HyperCharge|Segment's only Phone with Dolby Vision+Dolby Atmos"
