discount,price,rating,sold,title
(37% off),"11,999",4.1 out of 5 stars,"(700), , ","Redmi 10 Power (Power Black, 8GB RAM, 128GB Storage)"
(37% off),"11,999",4.1 out of 5 stars,"(700), , ","Redmi 10 Power (Sporty Orange, 8GB RAM, 128GB Storage)"
(24% off),"25,999",4.0 out of 5 stars,"(24,870), , ",Xiaomi 11 Lite NE 5G (Jazz Blue 8GB RAM 128 GB Storage) | Slimmest (6.81mm) & Lightest (158g) 5G Smartphone | 10-bit AMOLED with Dolby Vision | SD 778 with 12 5G Bands
(24% off),"25,999",4.0 out of 5 stars,"(24,870), , ",Xiaomi 11 Lite NE 5G (Vinyl Black 8GB RAM 128 GB Storage) | Slimmest (6.81mm) & Lightest (158g) 5G Smartphone | 10-bit AMOLED with Dolby Vision | SD 778 with 12 5G Bands
(13% off),"12,999",4.1 out of 5 stars,"(64,599), , ",Redmi 10 Prime (Astral White 4GB RAM 64GB ROM |Helio G88 with extendable RAM Upto 2GB |FHD+ 90Hz Adaptive Sync Display)
(30% off),"55,999",4.0 out of 5 stars,"(2,922), , ","Xiaomi 12 Pro | 5G (Opera Muave, 8GB RAM, 256GB Storage) | Snapdragon 8 Gen 1 | 50+50+50MP Flagship Cameras (OIS) | 10bit 2K+ Curved AMOLED Display | Sound by Harman Kardon"
(30% off),"55,999",4.0 out of 5 stars,"(2,922), , ","Xiaomi 12 Pro | 5G (Couture Blue, 8GB RAM, 256GB Storage) | Snapdragon 8 Gen 1 | 50+50+50MP Flagship Cameras (OIS) | 10bit 2K+ Curved AMOLED Display | Sound by Harman Kardon"
(25% off),"40,999",4.1 out of 5 stars,"(5,880), , ","Xiaomi 11T Pro 5G Hyperphone (Meteorite Black, 12GB RAM, 256GB Storage)|SD 888|120W HyperCharge|Segment's only Phone with Dolby Vision+Dolby Atmos"
(29% off),"59,999",4.0 out of 5 stars,"(2,922), , ","Xiaomi 12 Pro | 5G (Noir Black, 12GB RAM, 256GB Storage) | Snapdragon 8 Gen 1 | 50+50+50MP Flagship Cameras (OIS) | 10bit 2K+ Curved AMOLED Display | Sound by Harman Kardon"
(28% off),"37,999",4.1 out of 5 stars,"(5,880), , ","Xiaomi 11T Pro 5G Hyperphone (Celestial Magic, 8GB RAM, 256GB Storage) |SD 888|120W HyperCharge|Segment's only Phone with Dolby Vision+Dolby Atmos"
(29% off),"59,999",4.0 out of 5 stars,"(2,922), , ","Xiaomi 12 Pro | 5G (Couture Blue, 12GB RAM, 256GB Storage)| Snapdragon 8 Gen 1 | 50+50+50MP Flagship Cameras (OIS) | 10bit 2K+ Curved AMOLED Display | Sound by Harman Kardon"
(26% off),"16,790",2.9 out of 5 stars,"(9), , ","(Renewed) Redmi Note 10 Pro Max (Glacial Blue, 6GB RAM, 128GB Storage) -108MP Quad Camera|120Hz Super Amoled Display"
(16% off),"26,999",4.0 out of 5 stars,"(24,870), , ",Xiaomi 11 Lite NE 5G (Jazz Blue 6GB RAM 128 GB Storage) | Slimmest (6.81mm) & Lightest (158g) 5G Smartphone | 10-bit AMOLED with Dolby Vision | SD 778 with 12 5G Bands
(48% off),"6,699",3.9 out of 5 stars,"(49), , ","(Renewed) Xiaomi Redmi Note 7 (3GB 32GB , Sapphire Blue)"
(13% off),"12,999",4.1 out of 5 stars,"(64,599), , ","Redmi 10 Prime 2022 (Astral White, 4GB RAM, 64GB Storage) |Helio G88 with extendable RAM Upto 2GB |FHD+ 90Hz Adaptive Sync Display |50 MP Quad Camera"
(32% off),"13,498",3.2 out of 5 stars,"(14), , ","(Renewed) Redmi Note 11 (Space Black, 6GB RAM, 128GB Storage)|90Hz FHD+ AMOLED Display | Qualcomm® Snapdragon™ 680-6nm | Alexa Built-in | 33W Charger Included"
(29% off),"59,999",4.0 out of 5 stars,"(2,922), , ","Xiaomi 12 Pro | 5G (Opera Muave, 12GB RAM, 256GB Storage)| Snapdragon 8 Gen 1 | 50+50+50MP Flagship Cameras (OIS) | 10bit 2K+ Curved AMOLED Display | Sound by Harman Kardon"
(39% off),"10,924",3.5 out of 5 stars,"(33), , ","(Renewed) Redmi Note 11 (Horizon Blue, 4GB RAM, 64GB Storage) | 90Hz FHD+ AMOLED Display | Qualcomm® Snapdragon™ 680-6nm | Alexa Built-in | 33W Charger Included"
(25% off),"40,999",4.1 out of 5 stars,"(5,880), , ","Xiaomi 11T Pro 5G Hyperphone (Moonlight White, 12GB RAM, 256GB Storage)|SD 888|120W HyperCharge|Segment's only Phone with Dolby Vision+Dolby Atmos"
(46% off),"7,999",3.2 out of 5 stars,"(197), , ","(Renewed) Xiaomi Redmi Note 7 Pro (Neptune Blue, 4GB, 64GB)"
(37% off),"18,899",3.9 out of 5 stars,"(47), , ","(Renewed) Mi 10T 5G (Cosmic Black, 6GB RAM, 128GB Storage)"
(37% off),"11,999",4.1 out of 5 stars,"(700), , ","Redmi 10 Power (Power Black, 8GB RAM, 128GB Storage)"
(18% off),"8,999",3.4 out of 5 stars,"(25), , ","(Renewed) Redmi 9 (Sky Blue, 4GB RAM, 64GB Storage) | 3 Months No Cost EMI on BFL"
(20% off),"11,888",3.6 out of 5 stars,"(10), , ","(Renewed) Redmi 10 Prime (Phantom Black, 4GB RAM, 64GB ROM |Helio G88 with extendable RAM Upto 2GB |FHD+ 90Hz Adaptive Sync Display)"
(37% off),"11,999",4.1 out of 5 stars,"(700), , ","Redmi 10 Power (Sporty Orange, 8GB RAM, 128GB Storage)"
(26% off),"36,999",4.1 out of 5 stars,"(5,880), , ","Xiaomi 11T Pro 5G Hyperphone (Meteorite Black, 8GB RAM, 128GB Storage)|SD 888|120W HyperCharge|Segment's only Phone with Dolby Vision+Dolby Atmos"
(38% off),"20,999",3.4 out of 5 stars,"(3), , ","(Renewed) Xiaomi 11 Lite NE 5G (Vinyl Black, 8GB RAM, 128 GB Storage) | Slimmest (6.81mm) & Lightest (158g) 5G Smartphone | 10-bit AMOLED with Dolby Vision"
(24% off),"25,999",4.0 out of 5 stars,"(24,870), , ",Xiaomi 11 Lite NE 5G (Jazz Blue 8GB RAM 128 GB Storage) | Slimmest (6.81mm) & Lightest (158g) 5G Smartphone | 10-bit AMOLED with Dolby Vision | SD 778 with 12 5G Bands
(56% off),"18,799",4.0 out of 5 stars,"(70), , ","(Renewed) Mi 10T 5G (Cosmic Black, 8GB RAM, 128GB Storage)"
(40% off),"18,999",2.8 out of 5 stars,"(7), , ","(Renewed) Xiaomi 11 Lite NE 5G (Jazz Blue, 6GB RAM, 128 GB Storage) | Slimmest (6.81mm) & Lightest (158g) 5G Smartphone | 10-bit AMOLED with Dolby Vision"
(24% off),"25,999",4.0 out of 5 stars,"(24,870), , ",Xiaomi 11 Lite NE 5G (Vinyl Black 8GB RAM 128 GB Storage) | Slimmest (6.81mm) & Lightest (158g) 5G Smartphone | 10-bit AMOLED with Dolby Vision | SD 778 with 12 5G Bands
(22% off),"24,880",3.9 out of 5 stars,"(314), , ","Xiaomi 11i 5G (Stealth Black, 8GB RAM, 128GB Storage),Medium"
(41% off),"19,990",3.6 out of 5 stars,"(38), , ","(Renewed) Mi 11X 5G (Celestial Silver, 6GB RAM, 128GB ROM) | SD 870 | DisplayMate A+ rated E4 AMOLED"
(13% off),"12,999",4.1 out of 5 stars,"(64,599), , ",Redmi 10 Prime (Astral White 4GB RAM 64GB ROM |Helio G88 with extendable RAM Upto 2GB |FHD+ 90Hz Adaptive Sync Display)
(22% off),"24,880",4.3 out of 5 stars,"(40), , ","Xiaomi 11i 5G (Purple Mist, 8GB RAM, 128GB Storage)"
(40% off),"18,999",3.5 out of 5 stars,"(6), , ","(Renewed) Xiaomi 11 Lite NE 5G (Vinyl Black, 6GB RAM, 128 GB Storage) | Slimmest (6.81mm) & Lightest (158g) 5G Smartphone | 10-bit AMOLED with Dolby Vision"
(30% off),"55,999",4.0 out of 5 stars,"(2,922), , ","Xiaomi 12 Pro | 5G (Opera Muave, 8GB RAM, 256GB Storage) | Snapdragon 8 Gen 1 | 50+50+50MP Flagship Cameras (OIS) | 10bit 2K+ Curved AMOLED Display | Sound by Harman Kardon"
(28% off),"18,699",3.9 out of 5 stars,"(192), , ","Xiaomi 11 Lite (Vinyl Black, 8GB RAM, 128GB Storage)"
(27% off),"18,999",3.9 out of 5 stars,"(192), , ","Xiaomi Mi 11 Lite (Jazz Blue, 8GB RAM, 128GB Storage)"
(30% off),"55,999",4.0 out of 5 stars,"(2,922), , ","Xiaomi 12 Pro | 5G (Couture Blue, 8GB RAM, 256GB Storage) | Snapdragon 8 Gen 1 | 50+50+50MP Flagship Cameras (OIS) | 10bit 2K+ Curved AMOLED Display | Sound by Harman Kardon"
(28% off),"37,999",4.1 out of 5 stars,"(5,880), , ","Xiaomi 11T Pro 5G Hyperphone (Meteorite Black, 8GB RAM, 256GB Storage) |SD 888|120W HyperCharge|Segment's only Phone with Dolby Vision+Dolby Atmos"
(36% off),"18,499",3.0 out of 5 stars,"(40), , ","(Renewed) Redmi K20 Pro (Carbon Black, 6GB RAM, 128GB Storage)"
(25% off),"40,999",4.1 out of 5 stars,"(5,880), , ","Xiaomi 11T Pro 5G Hyperphone (Meteorite Black, 12GB RAM, 256GB Storage)|SD 888|120W HyperCharge|Segment's only Phone with Dolby Vision+Dolby Atmos"
(40% off),"18,999",3.7 out of 5 stars,"(10), , ","(Renewed) Xiaomi 11 Lite NE 5G (Diamond Dazzle, 6GB RAM, 128 GB Storage) | Slimmest (6.81mm) & Lightest (158g) 5G Smartphone | 10-bit AMOLED with Dolby Vision"
(29% off),"59,999",4.0 out of 5 stars,"(2,922), , ","Xiaomi 12 Pro | 5G (Noir Black, 12GB RAM, 256GB Storage) | Snapdragon 8 Gen 1 | 50+50+50MP Flagship Cameras (OIS) | 10bit 2K+ Curved AMOLED Display | Sound by Harman Kardon"
(19% off),"5,999",3.3 out of 5 stars,"(34), , ","(Renewed) Redmi 7A (Matte Black, 2GB RAM, 16GB Storage)"
(28% off),"37,999",4.1 out of 5 stars,"(5,880), , ","Xiaomi 11T Pro 5G Hyperphone (Celestial Magic, 8GB RAM, 256GB Storage) |SD 888|120W HyperCharge|Segment's only Phone with Dolby Vision+Dolby Atmos"
(21% off),"26,999",3.9 out of 5 stars,"(314), , ","Xiaomi 11i 5G Hypercharge (Purple Mist, 8GB RAM, 128GB Storage),Medium,MZB0A55IN"
(29% off),"59,999",4.0 out of 5 stars,"(2,922), , ","Xiaomi 12 Pro | 5G (Couture Blue, 12GB RAM, 256GB Storage)| Snapdragon 8 Gen 1 | 50+50+50MP Flagship Cameras (OIS) | 10bit 2K+ Curved AMOLED Display | Sound by Harman Kardon"
(26% off),"12,799",3.8 out of 5 stars,"(31), , ","(Renewed) Xiaomi Mi A3 (More Than White, 6GB RAM, AMOLED Display, 128GB Storage, 4030mAH Battery)"
(27% off),"18,980",3.9 out of 5 stars,"(192), , ","Mi 11 Lite (Tuscany Coral, 8GB RAM, 128GB Storage)"
(16% off),"26,999",4.0 out of 5 stars,"(24,870), , ",Xiaomi 11 Lite NE 5G (Jazz Blue 6GB RAM 128 GB Storage) | Slimmest (6.81mm) & Lightest (158g) 5G Smartphone | 10-bit AMOLED with Dolby Vision | SD 778 with 12 5G Bands
(21% off),"9,430",3.9 out of 5 stars,"(21), , ","Xiaomi Redmi Note 7S (Black, 32 GB, 3 GB RAM)"
(13% off),"12,999",4.1 out of 5 stars,"(64,599), , ","Redmi 10 Prime 2022 (Astral White, 4GB RAM, 64GB Storage) |Helio G88 with extendable RAM Upto 2GB |FHD+ 90Hz Adaptive Sync Display |50 MP Quad Camera"
(11% off),"22,899",3.1 out of 5 stars,"(15), , ","(Renewed) Xiaomi 11i 5G (Pacific Pearl, 8GB RAM, 128GB Storage)"
(29% off),"59,999",4.0 out of 5 stars,"(2,922), , ","Xiaomi 12 Pro | 5G (Opera Muave, 12GB RAM, 256GB Storage)| Snapdragon 8 Gen 1 | 50+50+50MP Flagship Cameras (OIS) | 10bit 2K+ Curved AMOLED Display | Sound by Harman Kardon"
(17% off),"23,990",4.0 out of 5 stars,"(106), , ","Xiaomi 11i 5G (Stealth Black, 6GB RAM, 128GB Storage),Medium"
(25% off),"40,999",4.1 out of 5 stars,"(5,880), , ","Xiaomi 11T Pro 5G Hyperphone (Moonlight White, 12GB RAM, 256GB Storage)|SD 888|120W HyperCharge|Segment's only Phone with Dolby Vision+Dolby Atmos"
(50% off),"7,499",3.7 out of 5 stars,"(67), , ","(Renewed) Redmi Note 7 (Sapphire Blue, 64GB, 4GB RAM)"
(37% off),"18,899",3.9 out of 5 stars,"(47), , ","(Renewed) Mi 10T 5G (Cosmic Black, 6GB RAM, 128GB Storage)"
(19% off),"20,899",3.1 out of 5 stars,"(22), , ","(Renewed) Mi 10i 5G (Midnight Black, 8GB RAM, 128GB Storage) - 108MP Quad Camera | Snapdragon 750G Processor"
(18% off),"8,999",3.4 out of 5 stars,"(25), , ","(Renewed) Redmi 9 (Sky Blue, 4GB RAM, 64GB Storage) | 3 Months No Cost EMI on BFL"
(26% off),"36,999",4.1 out of 5 stars,"(5,880), , ","Xiaomi 11T Pro 5G Hyperphone (Meteorite Black, 8GB RAM, 128GB Storage)|SD 888|120W HyperCharge|Segment's only Phone with Dolby Vision+Dolby Atmos"
(56% off),"18,799",4.0 out of 5 stars,"(70), , ","(Renewed) Mi 10T 5G (Cosmic Black, 8GB RAM, 128GB Storage)"
(22% off),"24,880",3.9 out of 5 stars,"(314), , ","Xiaomi 11i 5G (Stealth Black, 8GB RAM, 128GB Storage),Medium"
(22% off),"24,880",4.3 out of 5 stars,"(40), , ","Xiaomi 11i 5G (Purple Mist, 8GB RAM, 128GB Storage)"
(28% off),"18,699",3.9 out of 5 stars,"(192), , ","Xiaomi 11 Lite (Vinyl Black, 8GB RAM, 128GB Storage)"
(28% off),"37,999",4.1 out of 5 stars,"(5,880), , ","Xiaomi 11T Pro 5G Hyperphone (Meteorite Black, 8GB RAM, 256GB Storage) |SD 888|120W HyperCharge|Segment's only Phone with Dolby Vision+Dolby Atmos"
